CSID391982,391982
CSID9896558,9896558
CSID21256905,21256905
CSID53922,53922
CSID7971,7971
CSID8128494,8128494
CSID10128209,10128209
CSID28444,28444
CSID4445590,4445590
CSID390126,390126
CSID10128142,10128142
CSID10128145,10128145
CSID2297867,2297867
CSID37304,37304
CSID390907,390907
CSID5310,5310
CSID29305007,29305007
CSID16934,16934
CSID2297683,2297683
CSID389677,389677
CSID5355,5355
CSID58594,58594
CSID65231,65231
CSID8928,8928
CSID13085536,13085536
CSID15629,15629
CSID26333121,26333121
CSID28184592,28184592
CSID388556,388556
CSID389365,389365
CSID389384,389384
CSID390859,390859
CSID391137,391137
CSID11338519,11338519
CSID13085536,13085536
CSID15629,15629
CSID169711,169711
CSID26333121,26333121
CSID28184592,28184592
CSID29212623,29212623
CSID34683,34683
CSID388556,388556
CSID389365,389365
CSID389384,389384
CSID390859,390859
CSID391137,391137
CSID391139,391139
CSID4444920,4444920
CSID4445021,4445021
CSID110375,110375
CSID388593,388593
CSID10128577,10128577
CSID4444500,4444500
CSID1621,1621
CSID37284,37284
CSID4514700,4514700
CSID570988,570988
CSID8252667,8252667
CSID29344,29344
CSID59865,59865
CSID108739,108739
CSID20117974,20117974
CSID29273172,29273172
CSID35160,35160
CSID390255,390255
CSID391189,391189
CSID4444200,4444200
CSID4945213,4945213
CSID9373993,9373993
CSID24022786,24022786
CSID30791483,30791483
CSID10128363,10128363
CSID10128364,10128364
CSID30791079,30791079
CSID391949,391949
CSID8025921,8025921
CSID28184690,28184690
CSID25097,25097
CSID37226,37226
CSID58494,58494
CSID81836,81836
CSID141140,141140
CSID21106510,21106510
CSID29215783,29215783
CSID30790946,30790946
CSID392380,392380
CSID421123,421123
CSID4444282,4444282
CSID4444997,4444997
CSID4445351,4445351
CSID64667,64667
CSID82650,82650
CSID10085,10085
CSID388535,388535
CSID5808,5808
CSID8037772,8037772
CSID91753,91753
CSID91808,91808
CSID217135,217135
CSID4579849,4579849
CSID9676143,9676143
CSID3280,3280
CSID10128654,10128654
CSID30791331,30791331
CSID391178,391178
CSID391644,391644
CSID5732,5732
CSID64506,64506
CSID84407,84407
CSID12079,12079
CSID29975,29975
CSID3890,3890
CSID4340,4340
CSID56590,56590
CSID4444322,4444322
CSID4446265,4446265
CSID4573568,4573568
CSID892,892
CSID13117,13117
CSID140145,140145
CSID164728,164728
CSID191796,191796
CSID19332,19332
CSID61532,61532
CSID10197144,10197144
CSID10254649,10254649
CSID10254652,10254652
CSID10369209,10369209
CSID144315,144315
CSID18830381,18830381
CSID19101527,19101527
CSID21864849,21864849
CSID24690620,24690620
CSID389009,389009
CSID389085,389085
CSID389086,389086
CSID391468,391468
CSID391469,391469
CSID85024,85024
CSID88945,88945
CSID9812,9812
CSID227,227
CSID6082,6082
CSID64224,64224
CSID10619239,10619239
CSID16735746,16735746
CSID2052,2052
CSID4444600,4444600
CSID5717,5717
CSID83301,83301
CSID65237,65237
CSID19480,19480
CSID30791541,30791541
CSID21533,21533
CSID2938726,2938726
CSID388363,388363
CSID388778,388778
CSID389863,389863
CSID390854,390854
CSID4445035,4445035
CSID4445417,4445417
CSID87956,87956
CSID9001,9001
CSID113034,113034
CSID4445240,4445240
CSID4573586,4573586
CSID54839,54839
CSID79248,79248
CSID8014432,8014432
CSID97202,97202
CSID9864610,9864610
CSID5709,5709
CSID7138,7138
CSID913,913
CSID993,993
CSID55149,55149
CSID64672,64672
CSID14964,14964
CSID29130,29130
CSID82874,82874
CSID16735966,16735966
CSID866,866
CSID33296,33296
CSID30790752,30790752
CSID13849665,13849665
CSID390830,390830
CSID4444315,4444315
CSID4444856,4444856
CSID4573569,4573569
CSID58529,58529
CSID8533001,8533001
CSID9769390,9769390
CSID164274,164274
CSID25129,25129
CSID391828,391828
CSID10128235,10128235
CSID15331,15331
CSID388496,388496
CSID389588,389588
CSID393739,393739
CSID58576,58576
CSID18153,18153
CSID391204,391204
CSID4821691,4821691
CSID62159,62159
CSID1161,1161
CSID305,305
CSID33697,33697
CSID388423,388423
CSID389156,389156
CSID389343,389343
CSID394789,394789
CSID4477081,4477081
CSID92407,92407
CSID21949,21949
CSID4589883,4589883
CSID16929,16929
CSID391077,391077
CSID4445024,4445024
CSID7845528,7845528
CSID10128503,10128503
CSID114790,114790
CSID133360,133360
CSID13985,13985
CSID24784895,24784895
CSID30791104,30791104
CSID388383,388383
CSID388621,388621
CSID389058,389058
CSID390851,390851
CSID4444447,4444447
CSID4444634,4444634
CSID4445290,4445290
CSID4479581,4479581
CSID4514501,4514501
CSID45864,45864
CSID58657,58657
CSID65436,65436
CSID65962,65962
CSID7822253,7822253
CSID8014076,8014076
CSID83750,83750
CSID4718,4718
CSID106511,106511
CSID114471,114471
CSID13085531,13085531
CSID190363,190363
CSID31267,31267
CSID388772,388772
CSID389281,389281
CSID391170,391170
CSID4444941,4444941
CSID4444942,4444942
CSID4444958,4444958
CSID4444980,4444980
CSID7844832,7844832
CSID794,794
CSID10128412,10128412
CSID21468899,21468899
CSID10263569,10263569
CSID114167,114167
CSID1166,1166
CSID158494,158494
CSID161100,161100
CSID3070,3070
CSID3218,3218
CSID3693,3693
CSID389080,389080
CSID389678,389678
CSID390377,390377
CSID390545,390545
CSID390754,390754
CSID390841,390841
CSID391131,391131
CSID391519,391519
CSID4444875,4444875
CSID4444877,4444877
CSID570889,570889
CSID580922,580922
CSID65230,65230
CSID65929,65929
CSID7585,7585
CSID8711,8711
CSID92982,92982
CSID30791312,30791312
CSID4575356,4575356
CSID102747,102747
CSID13338392,13338392
CSID13856959,13856959
CSID158565,158565
CSID16736295,16736295
CSID2849,2849
CSID29121,29121
CSID3215,3215
CSID389315,389315
CSID390169,390169
CSID390172,390172
CSID4444110,4444110
CSID4445526,4445526
CSID48492,48492
CSID555423,555423
CSID57697,57697
CSID580812,580812
CSID8093,8093
CSID390129,390129
CSID56591,56591
CSID10481907,10481907
CSID2303,2303
CSID4940804,4940804
CSID8000665,8000665
CSID571062,571062
CSID761,761
CSID30791204,30791204
CSID13207,13207
CSID110211,110211
CSID16737089,16737089
CSID4481878,4481878
CSID5274,5274
CSID9186651,9186651
CSID36101,36101
CSID75385,75385
CSID1184,1184
CSID139348,139348
CSID5068,5068
CSID10128486,10128486
CSID10441969,10441969
CSID114711,114711
CSID16068,16068
CSID2343238,2343238
CSID30791422,30791422
CSID388566,388566
CSID4444181,4444181
CSID4602,4602
CSID6573,6573
CSID89997,89997
CSID30791150,30791150
CSID3227,3227
CSID391246,391246
CSID5429202,5429202
CSID11313,11313
CSID142218,142218
CSID31993,31993
CSID37610,37610
CSID389289,389289
CSID47944,47944
CSID4883392,4883392
CSID58570,58570
CSID5858,5858
CSID84953,84953
CSID9805740,9805740
CSID10438706,10438706
CSID141297,141297
CSID14932,14932
CSID15939,15939
CSID22874,22874
CSID10251740,10251740
CSID2302066,2302066
CSID306417,306417
CSID31982,31982
CSID4445229,4445229
CSID8041294,8041294
CSID96875,96875
CSID1021,1021
CSID10358,10358
CSID224233,224233
CSID33241,33241
CSID389729,389729
CSID70184,70184
CSID81106,81106
CSID85923,85923
CSID2804,2804
CSID30791863,30791863
CSID3562,3562
CSID388504,388504
CSID388869,388869
CSID58860,58860
CSID9272435,9272435
CSID16737143,16737143
CSID30791706,30791706
CSID3762,3762
CSID389328,389328
CSID4526816,4526816
CSID16218,16218
CSID21247660,21247660
CSID5132,5132
CSID97186,97186
CSID30791738,30791738
CSID102925,102925
CSID213722,213722
CSID215115,215115
CSID30089,30089
CSID390396,390396
CSID4512695,4512695
CSID30791897,30791897
CSID36101,36101
CSID75385,75385
CSID16736445,16736445
CSID390500,390500
CSID390733,390733
CSID390804,390804
CSID4444785,4444785
CSID4512696,4512696
CSID21250960,21250960
CSID391860,391860
CSID16736502,16736502
CSID21164386,21164386
CSID4940176,4940176
CSID90571,90571
CSID570940,570940
CSID113990,113990
CSID11448,11448
CSID182277,182277
CSID22177,22177
CSID22369729,22369729
CSID28423,28423
CSID30791367,30791367
CSID30791370,30791370
CSID30791371,30791371
CSID388759,388759
CSID390048,390048
CSID390376,390376
CSID390387,390387
CSID5065,5065
CSID60466,60466
CSID64271,64271
CSID64479,64479
CSID390129,390129
CSID48481,48481
CSID7878772,7878772
CSID90622,90622
CSID21250960,21250960
CSID133469,133469
CSID25940664,25940664
CSID30790742,30790742
CSID390137,390137
CSID10437748,10437748
CSID141630,141630
CSID144747,144747
CSID153452,153452
CSID167346,167346
CSID168361,168361
CSID21427965,21427965
CSID21864837,21864837
CSID21865552,21865552
CSID21865814,21865814
CSID21865815,21865815
CSID278141,278141
CSID30791622,30791622
CSID36,36
CSID388420,388420
CSID388421,388421
CSID388427,388427
CSID388493,388493
CSID388522,388522
CSID388836,388836
CSID388842,388842
CSID388856,388856
CSID388942,388942
CSID388988,388988
CSID389479,389479
CSID389534,389534
CSID389983,389983
CSID391473,391473
CSID4573592,4573592
CSID4573972,4573972
CSID544,544
CSID588,588
CSID607,607
CSID6760,6760
CSID87703,87703
CSID89904,89904
CSID9096312,9096312
CSID92162,92162
CSID9484818,9484818
CSID30776604,30776604
CSID4444615,4444615
CSID66162,66162
CSID8630564,8630564
CSID2310118,2310118
CSID40198,40198
CSID4563,4563
CSID86397,86397
CSID80981,80981
CSID389626,389626
CSID5736,5736
CSID597,597
CSID64231,64231
CSID990,990
CSID97126,97126
CSID10482331,10482331
CSID30791415,30791415
CSID389079,389079
CSID65151,65151
CSID139683,139683
CSID20145035,20145035
CSID34519,34519
CSID4575389,4575389
CSID5188,5188
CSID64486,64486
CSID9827966,9827966
CSID50573,50573
CSID59379,59379
CSID16932,16932
CSID29368601,29368601
CSID388874,388874
CSID389637,389637
CSID390074,390074
CSID391761,391761
CSID4713770,4713770
CSID5940,5940
CSID6017,6017
CSID114525,114525
CSID134,134
CSID167744,167744
CSID388519,388519
CSID389003,389003
CSID389028,389028
CSID389029,389029
CSID389081,389081
CSID389475,389475
CSID5447158,5447158
CSID5605,5605
CSID62461,62461
CSID68881,68881
CSID13744,13744
CSID31725,31725
CSID3827,3827
CSID389978,389978
CSID43630,43630
CSID4445411,4445411
CSID4479464,4479464
CSID59197,59197
CSID64492,64492
CSID167386,167386
CSID16744232,16744232
CSID388716,388716
CSID388990,388990
CSID389816,389816
CSID390153,390153
CSID390207,390207
CSID393212,393212
CSID4659,4659
CSID61391,61391
CSID71754,71754
CSID100482,100482
CSID10470637,10470637
CSID13142,13142
CSID144403,144403
CSID152480,152480
CSID2274931,2274931
CSID2297314,2297314
CSID24627,24627
CSID28533317,28533317
CSID35550,35550
CSID388598,388598
CSID389222,389222
CSID390746,390746
CSID390780,390780
CSID390781,390781
CSID4474622,4474622
CSID4834178,4834178
CSID63119,63119
CSID79667,79667
CSID80527,80527
CSID83831,83831
CSID8418848,8418848
CSID8763,8763
CSID8764,8764
CSID8777,8777
CSID30791624,30791624
CSID4090,4090
CSID94030,94030
CSID390939,390939
CSID80234,80234
CSID171381,171381
CSID28528387,28528387
CSID58507,58507
CSID10183330,10183330
CSID391886,391886
CSID633,633
CSID8761,8761
CSID155000,155000
CSID35632,35632
CSID5190,5190
CSID97254,97254
CSID111287,111287
CSID113834,113834
CSID150604,150604
CSID16744067,16744067
CSID16929,16929
CSID17216032,17216032
CSID2300632,2300632
CSID388552,388552
CSID389093,389093
CSID389117,389117
CSID389196,389196
CSID391077,391077
CSID74362,74362
CSID94762,94762
CSID9848,9848
CSID17372,17372
CSID24608058,24608058
CSID30791442,30791442
CSID30792002,30792002
CSID388364,388364
CSID388619,388619
CSID388761,388761
CSID10585,10585
CSID138759,138759
CSID30791545,30791545
CSID391578,391578
CSID40185,40185
CSID4938327,4938327
CSID64827,64827
CSID80905,80905
CSID8243682,8243682
CSID1103,1103
CSID13836591,13836591
CSID13837670,13837670
CSID190756,190756
CSID196452,196452
CSID388924,388924
CSID86856,86856
CSID167988,167988
CSID185,185
CSID388929,388929
CSID28290514,28290514
CSID391294,391294
CSID83451,83451
CSID141526,141526
CSID19870,19870
CSID31583,31583
CSID39888,39888
CSID56607,56607
CSID64331,64331
CSID102690,102690
CSID145901,145901
CSID20546,20546
CSID389,389
CSID389105,389105
CSID390956,390956
CSID5643,5643
CSID5872,5872
CSID5907,5907
CSID76512,76512
CSID853,853
CSID12938,12938
CSID152,152
CSID163687,163687
CSID17229503,17229503
CSID19337957,19337957
CSID21230426,21230426
CSID225,225
CSID2299693,2299693
CSID2301543,2301543
CSID26332127,26332127
CSID388313,388313
CSID388327,388327
CSID388330,388330
CSID388354,388354
CSID388373,388373
CSID388398,388398
CSID388406,388406
CSID388470,388470
CSID388516,388516
CSID388704,388704
CSID389102,389102
CSID389103,389103
CSID389151,389151
CSID389787,389787
CSID389840,389840
CSID389858,389858
CSID389860,389860
CSID389974,389974
CSID390200,390200
CSID390202,390202
CSID4573911,4573911
CSID49,49
CSID58552,58552
CSID76444,76444
CSID8205,8205
CSID827,827
CSID85463,85463
CSID92502,92502
CSID30791672,30791672
CSID146800,146800
CSID4877064,4877064
CSID53919,53919
CSID143313,143313
CSID5145,5145
CSID390506,390506
CSID165724,165724
CSID5903,5903
CSID11318,11318
CSID136004,136004
CSID141259,141259
CSID15537041,15537041
CSID17270,17270
CSID2179,2179
CSID388723,388723
CSID389616,389616
CSID4445524,4445524
CSID4445525,4445525
CSID553827,553827
CSID7827511,7827511
CSID87,87
CSID9833,9833
CSID59758,59758
CSID2298298,2298298
CSID8328162,8328162
CSID56098,56098
CSID4445650,4445650
CSID4514548,4514548
CSID4588593,4588593
CSID8399758,8399758
CSID10481986,10481986
CSID171430,171430
CSID18069,18069
CSID3240,3240
CSID30790956,30790956
CSID10295,10295
CSID11290591,11290591
CSID388539,388539
CSID4444190,4444190
CSID451641,451641
CSID10128623,10128623
CSID105694,105694
CSID10642377,10642377
CSID140368,140368
CSID3252,3252
CSID4777171,4777171
CSID7950,7950
CSID1760,1760
CSID19250428,19250428
CSID395338,395338
CSID4573742,4573742
CSID5945,5945
CSID30791335,30791335
CSID28639397,28639397
CSID29361816,29361816
CSID83452,83452
CSID19242,19242
CSID19989853,19989853
CSID10455,10455
CSID2006614,2006614
CSID2707452,2707452
CSID391843,391843
CSID571006,571006
CSID5752,5752
CSID68142,68142
CSID64687,64687
CSID65038,65038
CSID128633,128633
CSID141172,141172
CSID144380,144380
CSID5746,5746
CSID718,718
CSID107878,107878
CSID16560,16560
CSID18460,18460
CSID19113,19113
CSID263773,263773
CSID30791720,30791720
CSID5131,5131
CSID69741,69741
CSID118173,118173
CSID219690,219690
CSID29343,29343
CSID30791302,30791302
CSID389396,389396
CSID389403,389403
CSID389766,389766
CSID4444756,4444756
CSID15881,15881
CSID43316,43316
CSID59262,59262
CSID72819,72819
CSID13143,13143
CSID389522,389522
CSID7845062,7845062
CSID7863560,7863560
CSID133360,133360
CSID7822253,7822253
CSID388369,388369
CSID388498,388498
CSID77730,77730
CSID21533,21533
CSID388363,388363
CSID389863,389863
CSID9001,9001
CSID391491,391491
CSID4488475,4488475
CSID1916,1916
CSID30785740,30785740
CSID4445350,4445350
CSID380,380
CSID389160,389160
CSID6026,6026
CSID64236,64236
CSID110405,110405
CSID26001508,26001508
CSID388530,388530
CSID388540,388540
CSID389478,389478
CSID51793,51793
CSID5747,5747
CSID843,843
CSID30791624,30791624
CSID4090,4090
CSID94030,94030
CSID9653509,9653509
CSID151067,151067
CSID4444514,4444514
CSID9700526,9700526
CSID30790952,30790952
CSID145763,145763
CSID20118160,20118160
CSID30791474,30791474
CSID4445332,4445332
CSID571112,571112
CSID64326,64326
CSID65391,65391
CSID8206,8206
CSID1794,1794
CSID1922,1922
CSID4444599,4444599
CSID4444610,4444610
CSID4472314,4472314
CSID5762,5762
CSID5917,5917
CSID7827712,7827712
CSID389591,389591
CSID7167,7167
CSID38399,38399
CSID9331756,9331756
CSID131860,131860
CSID145344,145344
CSID21864821,21864821
CSID2339844,2339844
CSID3396,3396
CSID389890,389890
CSID390903,390903
CSID45327,45327
CSID48285,48285
CSID55051,55051
CSID7822254,7822254
CSID7822260,7822260
CSID7822261,7822261
CSID8256975,8256975
CSID10085,10085
CSID109514,109514
CSID158294,158294
CSID163674,163674
CSID24784730,24784730
CSID388535,388535
CSID388591,388591
CSID389606,389606
CSID391978,391978
CSID4444680,4444680
CSID4444949,4444949
CSID4444953,4444953
CSID4444972,4444972
CSID4444979,4444979
CSID4476304,4476304
CSID4574483,4574483
CSID5808,5808
CSID65985,65985
CSID73780,73780
CSID91753,91753
CSID91808,91808
CSID17342538,17342538
CSID108880,108880
CSID17322,17322
CSID23856,23856
CSID27110,27110
CSID4940737,4940737
CSID54799,54799
CSID5586,5586
CSID10570780,10570780
CSID137921,137921
CSID21374642,21374642
CSID24714,24714
CSID24715,24715
CSID28682020,28682020
CSID5686,5686
CSID94571,94571
CSID10128123,10128123
CSID10690,10690
CSID109,109
CSID1142,1142
CSID11506,11506
CSID19953632,19953632
CSID231,231
CSID388495,388495
CSID388679,388679
CSID6031,6031
CSID10807,10807
CSID141828,141828
CSID173542,173542
CSID30791232,30791232
CSID31121,31121
CSID391798,391798
CSID4444611,4444611
CSID4447643,4447643
CSID4481822,4481822
CSID4588488,4588488
CSID66130,66130
CSID8060316,8060316
CSID25037,25037
CSID25996,25996
CSID2845,2845
CSID3776,3776
CSID59749,59749
CSID6056,6056
CSID61887,61887
CSID6518,6518
CSID8361686,8361686
CSID145763,145763
CSID20118160,20118160
CSID30791474,30791474
CSID4445332,4445332
CSID571112,571112
CSID64326,64326
CSID65391,65391
CSID8206,8206
CSID10522208,10522208
CSID1918,1918
CSID1928,1928
CSID46788,46788
CSID64075,64075
CSID7822150,7822150
CSID8012924,8012924
CSID8417669,8417669
CSID30792097,30792097
CSID20148392,20148392
CSID389523,389523
CSID1120,1120
CSID22339,22339
CSID13002,13002
CSID388628,388628
CSID4573940,4573940
CSID75607,75607
CSID768,768
CSID7827534,7827534
CSID9670858,9670858
CSID19878,19878
CSID43576,43576
CSID108822,108822
CSID144246,144246
CSID17408,17408
CSID5036403,5036403
CSID53093,53093
CSID392057,392057
CSID43316,43316
CSID143880,143880
CSID184736,184736
CSID189859,189859
CSID30790816,30790816
CSID37852,37852
CSID4444525,4444525
CSID4444527,4444527
CSID4445034,4445034
CSID4513974,4513974
CSID5164,5164
CSID57721,57721
CSID83713,83713
CSID99298,99298
CSID19053,19053
CSID25045884,25045884
CSID396780,396780
CSID389293,389293
CSID10128549,10128549
CSID10551,10551
CSID390679,390679
CSID51700,51700
CSID5539,5539
CSID64463,64463
CSID30791520,30791520
CSID4940455,4940455
CSID10128500,10128500
CSID10481935,10481935
CSID30946,30946
CSID47814,47814
CSID8929308,8929308
CSID110296,110296
CSID4445418,4445418
CSID49630,49630
CSID5013196,5013196
CSID5293540,5293540
CSID14319,14319
CSID17305,17305
CSID5807,5807
CSID30792048,30792048
CSID10163,10163
CSID147011,147011
CSID8078,8078
CSID96988,96988
CSID10399509,10399509
CSID20135676,20135676
CSID4751209,4751209
CSID9119354,9119354
CSID3918,3918
CSID64962,64962
CSID8620080,8620080
CSID9697,9697
CSID9945,9945
CSID10672,10672
CSID28927,28927
CSID4444228,4444228
CSID30791364,30791364
CSID3571,3571
CSID50291,50291
CSID5160,5160
CSID5492,5492
CSID5901,5901
CSID59906,59906
CSID8696,8696
CSID91754,91754
CSID19964,19964
CSID2042285,2042285
CSID388617,388617
CSID388796,388796
CSID390173,390173
CSID548,548
CSID5880,5880
CSID6067,6067
CSID66762,66762
CSID69017,69017
CSID769,769
CSID834,834
CSID85019,85019
CSID153462,153462
CSID388587,388587
CSID6570,6570
CSID133517,133517
CSID6038,6038
CSID64237,64237
CSID752,752
CSID33207,33207
CSID4445040,4445040
CSID216134,216134
CSID396801,396801
CSID8361686,8361686
