Compound,CSID
0.70_740.2115m/z,CSID391982
0.72_779.1879m/z,CSID9896558
1.78_400.1145m/z,CSID21256905
1.78_400.1145m/z,CSID53922
1.78_400.1145m/z,CSID7971
1.78_400.1145m/z,CSID8128494
0.72_726.1775m/z,CSID10128209
0.70_612.6483m/z,CSID28444
0.72_801.1826m/z,CSID4445590
0.92_475.0016m/z,CSID390126
0.70_762.1934m/z,CSID10128142
0.70_762.1934m/z,CSID10128145
0.95_244.1665m/z,CSID2297867
0.95_244.1665m/z,CSID37304
0.95_244.1665m/z,CSID390907
0.95_244.1665m/z,CSID5310
0.77_623.1667m/z,CSID29305007
0.92_341.0423m/z,CSID16934
0.92_341.0423m/z,CSID2297683
0.92_341.0423m/z,CSID389677
0.92_341.0423m/z,CSID5355
0.92_341.0423m/z,CSID58594
0.92_341.0423m/z,CSID65231
0.92_341.0423m/z,CSID8928
0.92_369.0375m/z,CSID13085536
0.92_369.0375m/z,CSID15629
0.92_369.0375m/z,CSID26333121
0.92_369.0375m/z,CSID28184592
0.92_369.0375m/z,CSID388556
0.92_369.0375m/z,CSID389365
0.92_369.0375m/z,CSID389384
0.92_369.0375m/z,CSID390859
0.92_369.0375m/z,CSID391137
0.77_333.0582m/z,CSID11338519
0.77_333.0582m/z,CSID13085536
0.77_333.0582m/z,CSID15629
0.77_333.0582m/z,CSID169711
0.77_333.0582m/z,CSID26333121
0.77_333.0582m/z,CSID28184592
0.77_333.0582m/z,CSID29212623
0.77_333.0582m/z,CSID34683
0.77_333.0582m/z,CSID388556
0.77_333.0582m/z,CSID389365
0.77_333.0582m/z,CSID389384
0.77_333.0582m/z,CSID390859
0.77_333.0582m/z,CSID391137
0.77_333.0582m/z,CSID391139
0.77_333.0582m/z,CSID4444920
0.77_333.0582m/z,CSID4445021
1.17_201.1360m/z,CSID110375
1.17_201.1360m/z,CSID388593
0.77_640.1402m/z,CSID10128577
0.77_640.1402m/z,CSID4444500
1.08_416.0988m/z,CSID1621
1.08_416.0988m/z,CSID37284
1.08_416.0988m/z,CSID4514700
1.08_416.0988m/z,CSID570988
0.77_625.1861m/z,CSID8252667
1.45_319.0957m/z,CSID29344
1.45_319.0957m/z,CSID59865
0.97_350.1530m/z,CSID108739
0.97_350.1530m/z,CSID20117974
0.97_350.1530m/z,CSID29273172
0.97_350.1530m/z,CSID35160
0.97_350.1530m/z,CSID390255
0.97_350.1530m/z,CSID391189
0.97_350.1530m/z,CSID4444200
0.97_350.1530m/z,CSID4945213
0.97_350.1530m/z,CSID9373993
0.73_553.1056m/z,CSID24022786
0.73_553.1056m/z,CSID30791483
0.73_574.1574m/z,CSID10128363
0.73_574.1574m/z,CSID10128364
0.73_574.1574m/z,CSID30791079
0.73_574.1574m/z,CSID391949
0.73_574.1574m/z,CSID8025921
2.04_946.1941m/z,CSID28184690
0.97_168.0777m/z,CSID25097
0.97_168.0777m/z,CSID37226
0.97_168.0777m/z,CSID58494
0.97_168.0777m/z,CSID81836
0.93_367.0198m/z,CSID141140
0.93_367.0198m/z,CSID21106510
0.93_367.0198m/z,CSID29215783
0.93_367.0198m/z,CSID30790946
0.93_367.0198m/z,CSID392380
0.93_367.0198m/z,CSID421123
0.93_367.0198m/z,CSID4444282
0.93_367.0198m/z,CSID4444997
0.93_367.0198m/z,CSID4445351
0.93_367.0198m/z,CSID64667
0.93_367.0198m/z,CSID82650
0.95_359.0077m/z,CSID10085
0.95_359.0077m/z,CSID388535
0.95_359.0077m/z,CSID5808
0.95_359.0077m/z,CSID8037772
0.95_359.0077m/z,CSID91753
0.95_359.0077m/z,CSID91808
1.80_357.1907m/z,CSID217135
1.80_357.1907m/z,CSID4579849
1.80_357.1907m/z,CSID9676143
1.47_311.0372m/z,CSID3280
2.28_321.0957m/z,CSID10128654
2.28_321.0957m/z,CSID30791331
2.28_321.0957m/z,CSID391178
2.28_321.0957m/z,CSID391644
2.28_321.0957m/z,CSID5732
2.28_321.0957m/z,CSID64506
2.28_321.0957m/z,CSID84407
0.95_330.0628m/z,CSID12079
0.95_330.0628m/z,CSID29975
0.95_330.0628m/z,CSID3890
0.95_330.0628m/z,CSID4340
0.95_330.0628m/z,CSID56590
3.19_279.1952m/z,CSID4444322
3.19_279.1952m/z,CSID4446265
3.19_279.1952m/z,CSID4573568
3.19_279.1952m/z,CSID892
1.83_226.0857m/z,CSID13117
1.83_226.0857m/z,CSID140145
1.83_226.0857m/z,CSID164728
1.83_226.0857m/z,CSID191796
1.83_226.0857m/z,CSID19332
1.83_226.0857m/z,CSID61532
0.67_229.0454m/z,CSID10197144
0.67_229.0454m/z,CSID10254649
0.67_229.0454m/z,CSID10254652
0.67_229.0454m/z,CSID10369209
0.67_229.0454m/z,CSID144315
0.67_229.0454m/z,CSID18830381
0.67_229.0454m/z,CSID19101527
0.67_229.0454m/z,CSID21864849
0.67_229.0454m/z,CSID24690620
0.67_229.0454m/z,CSID389009
0.67_229.0454m/z,CSID389085
0.67_229.0454m/z,CSID389086
0.67_229.0454m/z,CSID391468
0.67_229.0454m/z,CSID391469
0.67_229.0454m/z,CSID85024
0.67_229.0454m/z,CSID88945
0.67_229.0454m/z,CSID9812
0.90_173.1039m/z,CSID227
0.90_173.1039m/z,CSID6082
0.90_173.1039m/z,CSID64224
0.77_343.0902m/z,CSID10619239
0.77_343.0902m/z,CSID16735746
0.77_343.0902m/z,CSID2052
0.77_343.0902m/z,CSID4444600
0.77_343.0902m/z,CSID5717
0.77_343.0902m/z,CSID83301
2.24_991.0786m/z,CSID65237
0.95_369.1959m/z,CSID19480
0.95_369.1959m/z,CSID30791541
0.67_261.0722m/z,CSID21533
0.67_261.0722m/z,CSID2938726
0.67_261.0722m/z,CSID388363
0.67_261.0722m/z,CSID388778
0.67_261.0722m/z,CSID389863
0.67_261.0722m/z,CSID390854
0.67_261.0722m/z,CSID4445035
0.67_261.0722m/z,CSID4445417
0.67_261.0722m/z,CSID87956
0.67_261.0722m/z,CSID9001
0.67_318.0935m/z,CSID113034
0.67_318.0935m/z,CSID4445240
0.67_318.0935m/z,CSID4573586
0.67_318.0935m/z,CSID54839
0.67_318.0935m/z,CSID79248
0.67_318.0935m/z,CSID8014432
0.67_318.0935m/z,CSID97202
0.77_436.1554m/z,CSID9864610
0.72_122.0265m/z,CSID5709
0.72_122.0265m/z,CSID7138
0.72_122.0265m/z,CSID913
0.72_122.0265m/z,CSID993
0.70_210.9956m/z,CSID55149
0.92_178.0593m/z,CSID64672
1.07_368.0361m/z,CSID14964
1.07_368.0361m/z,CSID29130
1.07_368.0361m/z,CSID82874
2.31_694.8275m/z,CSID16735966
2.31_694.8275m/z,CSID866
1.47_544.1465n,CSID33296
0.90_616.3689m/z,CSID30790752
0.97_301.1605m/z,CSID13849665
0.97_301.1605m/z,CSID390830
0.97_301.1605m/z,CSID4444315
0.97_301.1605m/z,CSID4444856
0.97_301.1605m/z,CSID4573569
0.97_301.1605m/z,CSID58529
0.97_301.1605m/z,CSID8533001
0.97_301.1605m/z,CSID9769390
1.80_378.1332m/z,CSID164274
1.80_378.1332m/z,CSID25129
1.80_378.1332m/z,CSID391828
1.47_557.1358m/z,CSID10128235
1.47_557.1358m/z,CSID15331
0.73_174.0407m/z,CSID388496
0.73_174.0407m/z,CSID389588
0.73_174.0407m/z,CSID393739
0.73_174.0407m/z,CSID58576
0.97_304.0334m/z,CSID18153
0.97_304.0334m/z,CSID391204
0.97_304.0334m/z,CSID4821691
0.97_304.0334m/z,CSID62159
0.67_191.0196m/z,CSID1161
0.67_191.0196m/z,CSID305
0.67_191.0196m/z,CSID33697
0.67_191.0196m/z,CSID388423
0.67_191.0196m/z,CSID389156
0.67_191.0196m/z,CSID389343
0.67_191.0196m/z,CSID394789
0.67_191.0196m/z,CSID4477081
0.67_191.0196m/z,CSID92407
0.73_474.0567m/z,CSID21949
0.73_474.0567m/z,CSID4589883
0.80_303.0118m/z,CSID16929
0.80_303.0118m/z,CSID391077
0.80_303.0118m/z,CSID4445024
0.80_303.0118m/z,CSID7845528
0.73_271.0560m/z,CSID10128503
0.73_271.0560m/z,CSID114790
0.73_271.0560m/z,CSID133360
0.73_271.0560m/z,CSID13985
0.73_271.0560m/z,CSID24784895
0.73_271.0560m/z,CSID30791104
0.73_271.0560m/z,CSID388383
0.73_271.0560m/z,CSID388621
0.73_271.0560m/z,CSID389058
0.73_271.0560m/z,CSID390851
0.73_271.0560m/z,CSID4444447
0.73_271.0560m/z,CSID4444634
0.73_271.0560m/z,CSID4445290
0.73_271.0560m/z,CSID4479581
0.73_271.0560m/z,CSID4514501
0.73_271.0560m/z,CSID45864
0.73_271.0560m/z,CSID58657
0.73_271.0560m/z,CSID65436
0.73_271.0560m/z,CSID65962
0.73_271.0560m/z,CSID7822253
0.73_271.0560m/z,CSID8014076
0.73_271.0560m/z,CSID83750
1.03_480.1725m/z,CSID4718
0.77_273.0392m/z,CSID106511
0.77_273.0392m/z,CSID114471
0.77_273.0392m/z,CSID13085531
0.77_273.0392m/z,CSID190363
0.77_273.0392m/z,CSID31267
0.77_273.0392m/z,CSID388772
0.77_273.0392m/z,CSID389281
0.77_273.0392m/z,CSID391170
0.77_273.0392m/z,CSID4444941
0.77_273.0392m/z,CSID4444942
0.77_273.0392m/z,CSID4444958
0.77_273.0392m/z,CSID4444980
0.77_273.0392m/z,CSID7844832
0.77_273.0392m/z,CSID794
2.64_1064.5546m/z,CSID10128412
2.64_1064.5546m/z,CSID21468899
0.67_289.0660m/z,CSID10263569
0.67_289.0660m/z,CSID114167
0.67_289.0660m/z,CSID1166
0.67_289.0660m/z,CSID158494
0.67_289.0660m/z,CSID161100
0.67_289.0660m/z,CSID3070
0.67_289.0660m/z,CSID3218
0.67_289.0660m/z,CSID3693
0.67_289.0660m/z,CSID389080
0.67_289.0660m/z,CSID389678
0.67_289.0660m/z,CSID390377
0.67_289.0660m/z,CSID390545
0.67_289.0660m/z,CSID390754
0.67_289.0660m/z,CSID390841
0.67_289.0660m/z,CSID391131
0.67_289.0660m/z,CSID391519
0.67_289.0660m/z,CSID4444875
0.67_289.0660m/z,CSID4444877
0.67_289.0660m/z,CSID570889
0.67_289.0660m/z,CSID580922
0.67_289.0660m/z,CSID65230
0.67_289.0660m/z,CSID65929
0.67_289.0660m/z,CSID7585
0.67_289.0660m/z,CSID8711
0.67_289.0660m/z,CSID92982
2.29_889.3030m/z,CSID30791312
2.29_889.3030m/z,CSID4575356
0.67_247.0568m/z,CSID102747
0.67_247.0568m/z,CSID13338392
0.67_247.0568m/z,CSID13856959
0.67_247.0568m/z,CSID158565
0.67_247.0568m/z,CSID16736295
0.67_247.0568m/z,CSID2849
0.67_247.0568m/z,CSID29121
0.67_247.0568m/z,CSID3215
0.67_247.0568m/z,CSID389315
0.67_247.0568m/z,CSID390169
0.67_247.0568m/z,CSID390172
0.67_247.0568m/z,CSID4444110
0.67_247.0568m/z,CSID4445526
0.67_247.0568m/z,CSID48492
0.67_247.0568m/z,CSID555423
0.67_247.0568m/z,CSID57697
0.67_247.0568m/z,CSID580812
0.67_247.0568m/z,CSID8093
0.72_525.0506m/z,CSID390129
0.72_525.0506m/z,CSID56591
2.23_478.1876m/z,CSID10481907
1.96_447.1572m/z,CSID2303
1.96_447.1572m/z,CSID4940804
1.96_447.1572m/z,CSID8000665
0.77_172.0482n,CSID571062
0.77_172.0482n,CSID761
2.41_1139.5430m/z,CSID30791204
0.73_488.1043n,CSID13207
0.95_317.1494m/z,CSID110211
0.95_317.1494m/z,CSID16737089
0.95_317.1494m/z,CSID4481878
0.95_317.1494m/z,CSID5274
0.95_317.1494m/z,CSID9186651
1.83_205.0661m/z,CSID36101
1.83_205.0661m/z,CSID75385
0.73_185.0562m/z,CSID1184
0.73_185.0562m/z,CSID139348
0.73_185.0562m/z,CSID5068
2.26_353.0483m/z,CSID10128486
2.26_353.0483m/z,CSID10441969
2.26_353.0483m/z,CSID114711
2.26_353.0483m/z,CSID16068
2.26_353.0483m/z,CSID2343238
2.26_353.0483m/z,CSID30791422
2.26_353.0483m/z,CSID388566
2.26_353.0483m/z,CSID4444181
2.26_353.0483m/z,CSID4602
2.26_353.0483m/z,CSID6573
2.26_353.0483m/z,CSID89997
0.95_259.1408m/z,CSID30791150
0.95_259.1408m/z,CSID3227
0.95_259.1408m/z,CSID391246
0.95_259.1408m/z,CSID5429202
1.07_346.0550m/z,CSID11313
1.07_346.0550m/z,CSID142218
1.07_346.0550m/z,CSID31993
1.07_346.0550m/z,CSID37610
1.07_346.0550m/z,CSID389289
1.07_346.0550m/z,CSID47944
1.07_346.0550m/z,CSID4883392
1.07_346.0550m/z,CSID58570
1.07_346.0550m/z,CSID5858
1.07_346.0550m/z,CSID84953
1.07_346.0550m/z,CSID9805740
5.18_267.0241m/z,CSID10438706
5.18_267.0241m/z,CSID141297
5.18_267.0241m/z,CSID14932
5.18_267.0241m/z,CSID15939
5.18_267.0241m/z,CSID22874
0.67_111.0089m/z,CSID10251740
0.73_433.1051m/z,CSID2302066
0.73_433.1051m/z,CSID306417
0.73_433.1051m/z,CSID31982
0.73_433.1051m/z,CSID4445229
0.73_433.1051m/z,CSID8041294
0.73_433.1051m/z,CSID96875
1.41_166.0503m/z,CSID1021
1.41_166.0503m/z,CSID10358
1.41_166.0503m/z,CSID224233
1.41_166.0503m/z,CSID33241
1.41_166.0503m/z,CSID389729
1.41_166.0503m/z,CSID70184
1.41_166.0503m/z,CSID81106
1.41_166.0503m/z,CSID85923
0.67_294.9929m/z,CSID2804
0.67_294.9929m/z,CSID30791863
0.67_294.9929m/z,CSID3562
0.67_294.9929m/z,CSID388504
0.67_294.9929m/z,CSID388869
0.67_294.9929m/z,CSID58860
0.67_294.9929m/z,CSID9272435
1.47_305.0318m/z,CSID16737143
1.47_305.0318m/z,CSID30791706
1.47_305.0318m/z,CSID3762
1.47_305.0318m/z,CSID389328
1.47_305.0318m/z,CSID4526816
0.93_345.0471m/z,CSID16218
0.93_345.0471m/z,CSID21247660
0.93_345.0471m/z,CSID5132
0.93_345.0471m/z,CSID97186
2.52_913.1895m/z,CSID30791738
2.79_365.0837m/z,CSID102925
2.79_365.0837m/z,CSID213722
2.79_365.0837m/z,CSID215115
2.79_365.0837m/z,CSID30089
2.79_365.0837m/z,CSID390396
2.79_365.0837m/z,CSID4512695
0.73_478.0852m/z,CSID30791897
2.74_169.0873m/z,CSID36101
2.74_169.0873m/z,CSID75385
1.17_463.1527m/z,CSID16736445
1.17_463.1527m/z,CSID390500
1.17_463.1527m/z,CSID390733
1.17_463.1527m/z,CSID390804
1.17_463.1527m/z,CSID4444785
1.17_463.1527m/z,CSID4512696
2.69_655.2110m/z,CSID21250960
0.75_651.1769m/z,CSID391860
0.77_414.1234m/z,CSID16736502
0.77_414.1234m/z,CSID21164386
0.77_414.1234m/z,CSID4940176
0.77_414.1234m/z,CSID90571
0.70_460.0227m/z,CSID570940
0.77_303.0854m/z,CSID113990
0.77_303.0854m/z,CSID11448
0.77_303.0854m/z,CSID182277
0.77_303.0854m/z,CSID22177
0.77_303.0854m/z,CSID22369729
0.77_303.0854m/z,CSID28423
0.77_303.0854m/z,CSID30791367
0.77_303.0854m/z,CSID30791370
0.77_303.0854m/z,CSID30791371
0.77_303.0854m/z,CSID388759
0.77_303.0854m/z,CSID390048
0.77_303.0854m/z,CSID390376
0.77_303.0854m/z,CSID390387
0.77_303.0854m/z,CSID5065
0.77_303.0854m/z,CSID60466
0.77_303.0854m/z,CSID64271
0.77_303.0854m/z,CSID64479
1.96_489.0565m/z,CSID390129
0.72_518.0719m/z,CSID48481
0.72_518.0719m/z,CSID7878772
0.72_518.0719m/z,CSID90622
2.81_655.2121m/z,CSID21250960
0.75_168.0426m/z,CSID133469
0.75_168.0426m/z,CSID25940664
0.72_476.0702m/z,CSID30790742
0.72_476.0702m/z,CSID390137
0.73_213.0154m/z,CSID10437748
0.73_213.0154m/z,CSID141630
0.73_213.0154m/z,CSID144747
0.73_213.0154m/z,CSID153452
0.73_213.0154m/z,CSID167346
0.73_213.0154m/z,CSID168361
0.73_213.0154m/z,CSID21427965
0.73_213.0154m/z,CSID21864837
0.73_213.0154m/z,CSID21865552
0.73_213.0154m/z,CSID21865814
0.73_213.0154m/z,CSID21865815
0.73_213.0154m/z,CSID278141
0.73_213.0154m/z,CSID30791622
0.73_213.0154m/z,CSID36
0.73_213.0154m/z,CSID388420
0.73_213.0154m/z,CSID388421
0.73_213.0154m/z,CSID388427
0.73_213.0154m/z,CSID388493
0.73_213.0154m/z,CSID388522
0.73_213.0154m/z,CSID388836
0.73_213.0154m/z,CSID388842
0.73_213.0154m/z,CSID388856
0.73_213.0154m/z,CSID388942
0.73_213.0154m/z,CSID388988
0.73_213.0154m/z,CSID389479
0.73_213.0154m/z,CSID389534
0.73_213.0154m/z,CSID389983
0.73_213.0154m/z,CSID391473
0.73_213.0154m/z,CSID4573592
0.73_213.0154m/z,CSID4573972
0.73_213.0154m/z,CSID544
0.73_213.0154m/z,CSID588
0.73_213.0154m/z,CSID607
0.73_213.0154m/z,CSID6760
0.73_213.0154m/z,CSID87703
0.73_213.0154m/z,CSID89904
0.73_213.0154m/z,CSID9096312
0.73_213.0154m/z,CSID92162
0.73_213.0154m/z,CSID9484818
0.75_425.0795m/z,CSID30776604
0.75_425.0795m/z,CSID4444615
0.75_425.0795m/z,CSID66162
0.75_425.0795m/z,CSID8630564
0.75_288.0854m/z,CSID2310118
0.75_288.0854m/z,CSID40198
0.75_288.0854m/z,CSID4563
0.75_288.0854m/z,CSID86397
0.70_349.9827n,CSID80981
0.73_140.0119m/z,CSID389626
0.73_140.0119m/z,CSID5736
0.73_140.0119m/z,CSID597
0.73_140.0119m/z,CSID64231
0.73_140.0119m/z,CSID990
0.92_407.0139m/z,CSID97126
0.73_533.0736m/z,CSID10482331
0.73_533.0736m/z,CSID30791415
0.73_533.0736m/z,CSID389079
0.95_252.0888m/z,CSID65151
1.03_386.0992m/z,CSID139683
1.03_386.0992m/z,CSID20145035
1.03_386.0992m/z,CSID34519
1.03_386.0992m/z,CSID4575389
1.03_386.0992m/z,CSID5188
1.03_386.0992m/z,CSID64486
1.03_386.0992m/z,CSID9827966
2.31_833.8774m/z,CSID50573
2.31_833.8774m/z,CSID59379
1.41_242.0775m/z,CSID16932
1.41_242.0775m/z,CSID29368601
1.41_242.0775m/z,CSID388874
1.41_242.0775m/z,CSID389637
1.41_242.0775m/z,CSID390074
1.41_242.0775m/z,CSID391761
1.41_242.0775m/z,CSID4713770
1.41_242.0775m/z,CSID5940
1.41_242.0775m/z,CSID6017
0.73_130.0507m/z,CSID114525
0.73_130.0507m/z,CSID134
0.73_130.0507m/z,CSID167744
0.73_130.0507m/z,CSID388519
0.73_130.0507m/z,CSID389003
0.73_130.0507m/z,CSID389028
0.73_130.0507m/z,CSID389029
0.73_130.0507m/z,CSID389081
0.73_130.0507m/z,CSID389475
0.73_130.0507m/z,CSID5447158
0.73_130.0507m/z,CSID5605
0.73_130.0507m/z,CSID62461
0.73_130.0507m/z,CSID68881
0.64_362.0834m/z,CSID13744
0.64_362.0834m/z,CSID31725
0.64_362.0834m/z,CSID3827
0.64_362.0834m/z,CSID389978
0.64_362.0834m/z,CSID43630
0.64_362.0834m/z,CSID4445411
0.64_362.0834m/z,CSID4479464
0.64_362.0834m/z,CSID59197
0.64_362.0834m/z,CSID64492
0.77_245.0428m/z,CSID167386
0.77_245.0428m/z,CSID16744232
0.77_245.0428m/z,CSID388716
0.77_245.0428m/z,CSID388990
0.77_245.0428m/z,CSID389816
0.77_245.0428m/z,CSID390153
0.77_245.0428m/z,CSID390207
0.77_245.0428m/z,CSID393212
0.77_245.0428m/z,CSID4659
0.77_245.0428m/z,CSID61391
0.77_245.0428m/z,CSID71754
0.73_275.0876m/z,CSID100482
0.73_275.0876m/z,CSID10470637
0.73_275.0876m/z,CSID13142
0.73_275.0876m/z,CSID144403
0.73_275.0876m/z,CSID152480
0.73_275.0876m/z,CSID2274931
0.73_275.0876m/z,CSID2297314
0.73_275.0876m/z,CSID24627
0.73_275.0876m/z,CSID28533317
0.73_275.0876m/z,CSID35550
0.73_275.0876m/z,CSID388598
0.73_275.0876m/z,CSID389222
0.73_275.0876m/z,CSID390746
0.73_275.0876m/z,CSID390780
0.73_275.0876m/z,CSID390781
0.73_275.0876m/z,CSID4474622
0.73_275.0876m/z,CSID4834178
0.73_275.0876m/z,CSID63119
0.73_275.0876m/z,CSID79667
0.73_275.0876m/z,CSID80527
0.73_275.0876m/z,CSID83831
0.73_275.0876m/z,CSID8418848
0.73_275.0876m/z,CSID8763
0.73_275.0876m/z,CSID8764
0.73_275.0876m/z,CSID8777
2.04_241.0928m/z,CSID30791624
2.04_241.0928m/z,CSID4090
2.04_241.0928m/z,CSID94030
0.95_231.0626m/z,CSID390939
0.95_231.0626m/z,CSID80234
0.75_481.0477m/z,CSID171381
0.75_481.0477m/z,CSID28528387
0.75_481.0477m/z,CSID58507
1.47_335.0603m/z,CSID10183330
1.47_335.0603m/z,CSID391886
1.47_335.0603m/z,CSID633
1.47_335.0603m/z,CSID8761
0.77_227.0980m/z,CSID155000
0.77_227.0980m/z,CSID35632
0.77_227.0980m/z,CSID5190
0.77_227.0980m/z,CSID97254
0.64_338.9887m/z,CSID111287
0.64_338.9887m/z,CSID113834
0.64_338.9887m/z,CSID150604
0.64_338.9887m/z,CSID16744067
0.64_338.9887m/z,CSID16929
0.64_338.9887m/z,CSID17216032
0.64_338.9887m/z,CSID2300632
0.64_338.9887m/z,CSID388552
0.64_338.9887m/z,CSID389093
0.64_338.9887m/z,CSID389117
0.64_338.9887m/z,CSID389196
0.64_338.9887m/z,CSID391077
0.64_338.9887m/z,CSID74362
0.64_338.9887m/z,CSID94762
0.64_338.9887m/z,CSID9848
0.72_604.0677m/z,CSID17372
0.72_604.0677m/z,CSID24608058
0.72_604.0677m/z,CSID30791442
0.72_604.0677m/z,CSID30792002
0.72_604.0677m/z,CSID388364
0.72_604.0677m/z,CSID388619
0.72_604.0677m/z,CSID388761
0.75_375.1232m/z,CSID10585
0.75_375.1232m/z,CSID138759
0.75_375.1232m/z,CSID30791545
0.75_375.1232m/z,CSID391578
0.75_375.1232m/z,CSID40185
0.75_375.1232m/z,CSID4938327
0.75_375.1232m/z,CSID64827
0.75_375.1232m/z,CSID80905
0.75_375.1232m/z,CSID8243682
2.04_125.0357m/z,CSID1103
2.04_125.0357m/z,CSID13836591
2.04_125.0357m/z,CSID13837670
2.04_125.0357m/z,CSID190756
2.04_125.0357m/z,CSID196452
2.04_125.0357m/z,CSID388924
2.04_125.0357m/z,CSID86856
2.48_134.0471m/z,CSID167988
2.48_134.0471m/z,CSID185
2.48_134.0471m/z,CSID388929
0.70_587.0285m/z,CSID28290514
0.92_447.0065m/z,CSID391294
0.92_447.0065m/z,CSID83451
1.03_364.1171m/z,CSID141526
1.03_364.1171m/z,CSID19870
1.03_364.1171m/z,CSID31583
1.03_364.1171m/z,CSID39888
1.03_364.1171m/z,CSID56607
1.03_364.1171m/z,CSID64331
1.20_148.0433m/z,CSID102690
1.20_148.0433m/z,CSID145901
1.20_148.0433m/z,CSID20546
1.20_148.0433m/z,CSID389
1.20_148.0433m/z,CSID389105
1.20_148.0433m/z,CSID390956
1.20_148.0433m/z,CSID5643
1.20_148.0433m/z,CSID5872
1.20_148.0433m/z,CSID5907
1.20_148.0433m/z,CSID76512
1.20_148.0433m/z,CSID853
0.70_229.0111m/z,CSID12938
0.70_229.0111m/z,CSID152
0.70_229.0111m/z,CSID163687
0.70_229.0111m/z,CSID17229503
0.70_229.0111m/z,CSID19337957
0.70_229.0111m/z,CSID21230426
0.70_229.0111m/z,CSID225
0.70_229.0111m/z,CSID2299693
0.70_229.0111m/z,CSID2301543
0.70_229.0111m/z,CSID26332127
0.70_229.0111m/z,CSID388313
0.70_229.0111m/z,CSID388327
0.70_229.0111m/z,CSID388330
0.70_229.0111m/z,CSID388354
0.70_229.0111m/z,CSID388373
0.70_229.0111m/z,CSID388398
0.70_229.0111m/z,CSID388406
0.70_229.0111m/z,CSID388470
0.70_229.0111m/z,CSID388516
0.70_229.0111m/z,CSID388704
0.70_229.0111m/z,CSID389102
0.70_229.0111m/z,CSID389103
0.70_229.0111m/z,CSID389151
0.70_229.0111m/z,CSID389787
0.70_229.0111m/z,CSID389840
0.70_229.0111m/z,CSID389858
0.70_229.0111m/z,CSID389860
0.70_229.0111m/z,CSID389974
0.70_229.0111m/z,CSID390200
0.70_229.0111m/z,CSID390202
0.70_229.0111m/z,CSID4573911
0.70_229.0111m/z,CSID49
0.70_229.0111m/z,CSID58552
0.70_229.0111m/z,CSID76444
0.70_229.0111m/z,CSID8205
0.70_229.0111m/z,CSID827
0.70_229.0111m/z,CSID85463
0.70_229.0111m/z,CSID92502
0.72_932.2265m/z,CSID30791672
0.73_490.1024m/z,CSID146800
1.80_268.1006m/z,CSID4877064
1.80_268.1006m/z,CSID53919
0.92_284.0240m/z,CSID143313
0.92_284.0240m/z,CSID5145
5.15_1023.4427m/z,CSID390506
0.64_482.9606m/z,CSID165724
0.64_482.9606m/z,CSID5903
0.93_223.0759m/z,CSID11318
0.93_223.0759m/z,CSID136004
0.93_223.0759m/z,CSID141259
0.93_223.0759m/z,CSID15537041
0.93_223.0759m/z,CSID17270
0.93_223.0759m/z,CSID2179
0.93_223.0759m/z,CSID388723
0.93_223.0759m/z,CSID389616
0.93_223.0759m/z,CSID4445524
0.93_223.0759m/z,CSID4445525
0.93_223.0759m/z,CSID553827
0.93_223.0759m/z,CSID7827511
0.93_223.0759m/z,CSID87
0.93_223.0759m/z,CSID9833
2.76_576.2011m/z,CSID59758
0.73_560.1398m/z,CSID2298298
0.73_560.1398m/z,CSID8328162
0.87_502.9829m/z,CSID56098
0.73_460.1609m/z,CSID4445650
0.73_460.1609m/z,CSID4514548
0.73_460.1609m/z,CSID4588593
0.73_460.1609m/z,CSID8399758
0.64_404.0994m/z,CSID10481986
0.64_404.0994m/z,CSID171430
0.64_404.0994m/z,CSID18069
0.64_404.0994m/z,CSID3240
2.16_1144.6015m/z,CSID30790956
1.32_175.0434m/z,CSID10295
1.32_175.0434m/z,CSID11290591
1.32_175.0434m/z,CSID388539
1.32_175.0434m/z,CSID4444190
1.32_175.0434m/z,CSID451641
0.93_301.0498m/z,CSID10128623
0.93_301.0498m/z,CSID105694
0.93_301.0498m/z,CSID10642377
0.93_301.0498m/z,CSID140368
0.93_301.0498m/z,CSID3252
0.93_301.0498m/z,CSID4777171
0.93_301.0498m/z,CSID7950
2.03_190.0539m/z,CSID1760
2.03_190.0539m/z,CSID19250428
2.03_190.0539m/z,CSID395338
2.03_190.0539m/z,CSID4573742
2.03_190.0539m/z,CSID5945
0.77_197.9693m/z,CSID30791335
0.72_491.0935m/z,CSID28639397
0.72_491.0935m/z,CSID29361816
0.72_491.0935m/z,CSID83452
0.72_621.0354m/z,CSID19242
0.72_621.0354m/z,CSID19989853
0.93_196.0750m/z,CSID10455
0.93_196.0750m/z,CSID2006614
0.93_196.0750m/z,CSID2707452
0.93_196.0750m/z,CSID391843
0.93_196.0750m/z,CSID571006
0.93_196.0750m/z,CSID5752
0.93_196.0750m/z,CSID68142
1.47_327.0425m/z,CSID64687
1.47_327.0425m/z,CSID65038
0.79_145.0616m/z,CSID128633
0.79_145.0616m/z,CSID141172
0.79_145.0616m/z,CSID144380
0.79_145.0616m/z,CSID5746
0.79_145.0616m/z,CSID718
1.47_293.0701m/z,CSID107878
1.47_293.0701m/z,CSID16560
1.47_293.0701m/z,CSID18460
1.47_293.0701m/z,CSID19113
1.47_293.0701m/z,CSID263773
1.47_293.0701m/z,CSID30791720
1.47_293.0701m/z,CSID5131
1.47_293.0701m/z,CSID69741
1.45_351.0537m/z,CSID118173
1.45_351.0537m/z,CSID219690
1.45_351.0537m/z,CSID29343
1.45_351.0537m/z,CSID30791302
1.45_351.0537m/z,CSID389396
1.45_351.0537m/z,CSID389403
1.45_351.0537m/z,CSID389766
1.45_351.0537m/z,CSID4444756
2.38_532.1975m/z,CSID15881
0.93_304.1019m/z,CSID43316
2.00_860.8960m/z,CSID59262
0.77_233.0769m/z,CSID72819
1.15_244.1408m/z,CSID13143
1.15_244.1408m/z,CSID389522
1.15_244.1408m/z,CSID7845062
2.76_554.2177m/z,CSID7863560
0.93_235.0780m/z,CSID133360
0.93_235.0780m/z,CSID7822253
1.76_173.0928m/z,CSID388369
1.76_173.0928m/z,CSID388498
0.72_440.0316m/z,CSID77730
0.97_225.0986m/z,CSID21533
0.97_225.0986m/z,CSID388363
0.97_225.0986m/z,CSID389863
0.97_225.0986m/z,CSID9001
2.76_281.1255m/z,CSID391491
2.76_281.1255m/z,CSID4488475
2.79_195.1003m/z,CSID1916
1.96_673.0887m/z,CSID30785740
1.96_673.0887m/z,CSID4445350
0.90_131.0827m/z,CSID380
0.90_131.0827m/z,CSID389160
0.90_131.0827m/z,CSID6026
0.90_131.0827m/z,CSID64236
0.87_145.0982m/z,CSID110405
0.87_145.0982m/z,CSID26001508
0.87_145.0982m/z,CSID388530
0.87_145.0982m/z,CSID388540
0.87_145.0982m/z,CSID389478
0.87_145.0982m/z,CSID51793
0.87_145.0982m/z,CSID5747
0.87_145.0982m/z,CSID843
0.88_241.0926m/z,CSID30791624
0.88_241.0926m/z,CSID4090
0.88_241.0926m/z,CSID94030
2.11_572.1932m/z,CSID9653509
0.73_508.1025m/z,CSID151067
0.73_508.1025m/z,CSID4444514
0.73_508.1025m/z,CSID9700526
2.36_1157.5636m/z,CSID30790952
2.64_394.1296m/z,CSID145763
2.64_394.1296m/z,CSID20118160
2.64_394.1296m/z,CSID30791474
2.64_394.1296m/z,CSID4445332
2.64_394.1296m/z,CSID571112
2.64_394.1296m/z,CSID64326
2.64_394.1296m/z,CSID65391
2.64_394.1296m/z,CSID8206
2.28_247.1068m/z,CSID1794
2.28_247.1068m/z,CSID1922
2.28_247.1068m/z,CSID4444599
2.28_247.1068m/z,CSID4444610
2.28_247.1068m/z,CSID4472314
2.28_247.1068m/z,CSID5762
2.28_247.1068m/z,CSID5917
2.28_247.1068m/z,CSID7827712
0.82_203.0205m/z,CSID389591
0.82_203.0205m/z,CSID7167
2.38_554.1796m/z,CSID38399
2.38_554.1796m/z,CSID9331756
0.93_233.0606m/z,CSID131860
0.93_233.0606m/z,CSID145344
0.93_233.0606m/z,CSID21864821
0.93_233.0606m/z,CSID2339844
0.93_233.0606m/z,CSID3396
0.93_233.0606m/z,CSID389890
0.93_233.0606m/z,CSID390903
0.93_233.0606m/z,CSID45327
0.93_233.0606m/z,CSID48285
0.93_233.0606m/z,CSID55051
0.93_233.0606m/z,CSID7822254
0.93_233.0606m/z,CSID7822260
0.93_233.0606m/z,CSID7822261
0.93_233.0606m/z,CSID8256975
0.70_323.0284m/z,CSID10085
0.70_323.0284m/z,CSID109514
0.70_323.0284m/z,CSID158294
0.70_323.0284m/z,CSID163674
0.70_323.0284m/z,CSID24784730
0.70_323.0284m/z,CSID388535
0.70_323.0284m/z,CSID388591
0.70_323.0284m/z,CSID389606
0.70_323.0284m/z,CSID391978
0.70_323.0284m/z,CSID4444680
0.70_323.0284m/z,CSID4444949
0.70_323.0284m/z,CSID4444953
0.70_323.0284m/z,CSID4444972
0.70_323.0284m/z,CSID4444979
0.70_323.0284m/z,CSID4476304
0.70_323.0284m/z,CSID4574483
0.70_323.0284m/z,CSID5808
0.70_323.0284m/z,CSID65985
0.70_323.0284m/z,CSID73780
0.70_323.0284m/z,CSID91753
0.70_323.0284m/z,CSID91808
0.92_552.9708m/z,CSID17342538
0.73_281.0340m/z,CSID108880
0.73_281.0340m/z,CSID17322
0.73_281.0340m/z,CSID23856
0.73_281.0340m/z,CSID27110
0.73_281.0340m/z,CSID4940737
0.73_281.0340m/z,CSID54799
0.73_281.0340m/z,CSID5586
1.76_258.0694m/z,CSID10570780
1.76_258.0694m/z,CSID137921
1.76_258.0694m/z,CSID21374642
1.76_258.0694m/z,CSID24714
1.76_258.0694m/z,CSID24715
1.76_258.0694m/z,CSID28682020
1.76_258.0694m/z,CSID5686
1.76_258.0694m/z,CSID94571
5.10_839.4923m/z,CSID10128123
0.84_167.0219m/z,CSID10690
0.84_167.0219m/z,CSID109
0.84_167.0219m/z,CSID1142
0.84_167.0219m/z,CSID11506
0.84_167.0219m/z,CSID19953632
0.84_167.0219m/z,CSID231
0.84_167.0219m/z,CSID388495
0.84_167.0219m/z,CSID388679
0.84_167.0219m/z,CSID6031
0.75_346.1233m/z,CSID10807
0.75_346.1233m/z,CSID141828
0.75_346.1233m/z,CSID173542
0.75_346.1233m/z,CSID30791232
0.75_346.1233m/z,CSID31121
0.75_346.1233m/z,CSID391798
0.75_346.1233m/z,CSID4444611
0.75_346.1233m/z,CSID4447643
0.75_346.1233m/z,CSID4481822
0.75_346.1233m/z,CSID4588488
0.75_346.1233m/z,CSID66130
0.75_346.1233m/z,CSID8060316
0.95_239.0394m/z,CSID25037
0.95_239.0394m/z,CSID25996
0.95_239.0394m/z,CSID2845
0.95_239.0394m/z,CSID3776
0.95_239.0394m/z,CSID59749
0.95_239.0394m/z,CSID6056
0.95_239.0394m/z,CSID61887
0.95_239.0394m/z,CSID6518
2.87_516.1672m/z,CSID8361686
2.41_394.1298m/z,CSID145763
2.41_394.1298m/z,CSID20118160
2.41_394.1298m/z,CSID30791474
2.41_394.1298m/z,CSID4445332
2.41_394.1298m/z,CSID571112
2.41_394.1298m/z,CSID64326
2.41_394.1298m/z,CSID65391
2.41_394.1298m/z,CSID8206
1.73_208.0760m/z,CSID10522208
1.73_208.0760m/z,CSID1918
1.73_208.0760m/z,CSID1928
1.73_208.0760m/z,CSID46788
1.73_208.0760m/z,CSID64075
1.73_208.0760m/z,CSID7822150
1.73_208.0760m/z,CSID8012924
1.73_208.0760m/z,CSID8417669
0.72_399.9794m/z,CSID30792097
0.99_216.1346m/z,CSID20148392
0.99_216.1346m/z,CSID389523
0.70_284.9107m/z,CSID1120
0.70_284.9107m/z,CSID22339
1.47_135.0313m/z,CSID13002
1.47_135.0313m/z,CSID388628
1.47_135.0313m/z,CSID4573940
1.47_135.0313m/z,CSID75607
1.47_135.0313m/z,CSID768
1.47_135.0313m/z,CSID7827534
0.77_447.1610n,CSID9670858
2.48_343.1087m/z,CSID19878
2.48_343.1087m/z,CSID43576
0.72_371.0135m/z,CSID108822
0.72_371.0135m/z,CSID144246
0.72_371.0135m/z,CSID17408
0.72_371.0135m/z,CSID5036403
0.72_371.0135m/z,CSID53093
0.84_742.2677m/z,CSID392057
1.98_268.1231m/z,CSID43316
0.65_389.1317m/z,CSID143880
0.65_389.1317m/z,CSID184736
0.65_389.1317m/z,CSID189859
0.65_389.1317m/z,CSID30790816
0.65_389.1317m/z,CSID37852
0.65_389.1317m/z,CSID4444525
0.65_389.1317m/z,CSID4444527
0.65_389.1317m/z,CSID4445034
0.65_389.1317m/z,CSID4513974
0.65_389.1317m/z,CSID5164
0.65_389.1317m/z,CSID57721
0.65_389.1317m/z,CSID83713
0.65_389.1317m/z,CSID99298
0.75_628.7434m/z,CSID19053
0.75_628.7434m/z,CSID25045884
0.75_628.7434m/z,CSID396780
4.86_904.9662m/z,CSID389293
0.77_450.1652m/z,CSID10128549
0.77_450.1652m/z,CSID10551
0.77_450.1652m/z,CSID390679
0.77_450.1652m/z,CSID51700
0.77_450.1652m/z,CSID5539
0.77_450.1652m/z,CSID64463
1.96_539.2660m/z,CSID30791520
1.96_539.2660m/z,CSID4940455
2.56_564.2441m/z,CSID10128500
2.56_564.2441m/z,CSID10481935
2.56_564.2441m/z,CSID30946
2.56_564.2441m/z,CSID47814
3.19_261.1829m/z,CSID8929308
0.73_445.0518m/z,CSID110296
0.73_445.0518m/z,CSID4445418
0.73_445.0518m/z,CSID49630
0.73_445.0518m/z,CSID5013196
0.73_445.0518m/z,CSID5293540
0.73_244.0682n,CSID14319
0.73_244.0682n,CSID17305
0.73_244.0682n,CSID5807
2.23_1144.5435m/z,CSID30792048
2.26_375.0315m/z,CSID10163
2.26_375.0315m/z,CSID147011
2.26_375.0315m/z,CSID8078
2.26_375.0315m/z,CSID96988
5.21_869.5429m/z,CSID10399509
0.73_260.0887m/z,CSID20135676
0.73_260.0887m/z,CSID4751209
0.73_260.0887m/z,CSID9119354
0.93_247.1524n,CSID3918
0.93_247.1524n,CSID64962
0.93_247.1524n,CSID8620080
0.93_247.1524n,CSID9697
0.93_247.1524n,CSID9945
0.73_309.0351m/z,CSID10672
0.73_309.0351m/z,CSID28927
0.73_309.0351m/z,CSID4444228
0.72_322.0439m/z,CSID30791364
0.72_322.0439m/z,CSID3571
0.72_322.0439m/z,CSID50291
0.72_322.0439m/z,CSID5160
0.72_322.0439m/z,CSID5492
0.72_322.0439m/z,CSID5901
0.72_322.0439m/z,CSID59906
0.72_322.0439m/z,CSID8696
0.72_322.0439m/z,CSID91754
1.86_130.0873m/z,CSID19964
1.86_130.0873m/z,CSID2042285
1.86_130.0873m/z,CSID388617
1.86_130.0873m/z,CSID388796
1.86_130.0873m/z,CSID390173
1.86_130.0873m/z,CSID548
1.86_130.0873m/z,CSID5880
1.86_130.0873m/z,CSID6067
1.86_130.0873m/z,CSID66762
1.86_130.0873m/z,CSID69017
1.86_130.0873m/z,CSID769
1.86_130.0873m/z,CSID834
1.86_130.0873m/z,CSID85019
2.11_551.2139n,CSID153462
0.88_462.9903m/z,CSID388587
0.88_462.9903m/z,CSID6570
0.95_154.0620m/z,CSID133517
0.95_154.0620m/z,CSID6038
0.95_154.0620m/z,CSID64237
0.95_154.0620m/z,CSID752
0.75_331.1124m/z,CSID33207
0.75_331.1124m/z,CSID4445040
1.47_352.0501m/z,CSID216134
1.47_352.0501m/z,CSID396801
3.02_516.1662m/z,CSID8361686
