"","EZ_ID"
"1",11534
"2",11565
"3",11669
"4",11687
"5",11689
"6",11717
"7",11846
"8",12182
"9",12353
"10",12409
"11",12763
"12",13082
"13",13110
"14",13123
"15",13139
"16",13849
"17",14544
"18",14584
"19",14775
"20",15109
"21",15186
"22",15233
"23",15275
"24",15450
"25",15483
"26",15926
"27",16548
"28",17001
"29",17158
"30",17436
"31",17717
"32",17718
"33",17772
"34",18452
"35",18576
"36",18641
"37",18795
"38",18798
"39",19223
"40",19224
"41",19378
"42",20441
"43",20443
"44",20454
"45",23917
"46",23959
"47",26878
"48",52120
"49",54391
"50",54447
"51",55936
"52",56078
"53",56615
"54",56738
"55",64292
"56",66775
"57",67260
"58",67305
"59",68262
"60",68312
"61",68631
"62",68801
"63",71755
"64",71776
"65",72297
"66",73251
"67",74185
"68",74442
"69",75778
"70",76263
"71",81535
"72",94192
"73",94284
"74",98386
"75",103140
"76",104112
"77",107476
"78",107652
"79",110095
"80",110911
"81",140483
"82",170439
"83",192166
"84",207728
"85",208449
"86",217364
"87",218121
"88",223920
"89",231510
"90",233781
"91",241447
"92",242202
"93",257635
"94",269642
"95",394433
"96",433182
