"","unlist.path_comp3."
"1","C00022"
"2","C00024"
"3","C00031"
"4","C00033"
"5","C00036"
"6","C00068"
"7","C00074"
"8","C00084"
"9","C00103"
"10","C00111"
"11","C00118"
"12","C00186"
"13","C00197"
"14","C00221"
"15","C00236"
"16","C00267"
"17","C00469"
"18","C00631"
"19","C00668"
"20","C01159"
"21","C01172"
"22","C01451"
"23","C05125"
"24","C05345"
"25","C05378"
"26","C06186"
"27","C06187"
"28","C06188"
"29","C15972"
"30","C15973"
"31","C16255"
"34","C00026"
"36","C00042"
"39","C00091"
"40","C00122"
"41","C00149"
"42","C00158"
"43","C00311"
"44","C00417"
"46","C05379"
"47","C05381"
"50","C16254"
"54","C00117"
"56","C00119"
"57","C00121"
"59","C00198"
"60","C00199"
"61","C00204"
"63","C00231"
"64","C00257"
"65","C00258"
"66","C00279"
"67","C00345"
"68","C00577"
"69","C00620"
"72","C00672"
"73","C00673"
"74","C01151"
"76","C01218"
"77","C01236"
"78","C01801"
"79","C03752"
"80","C04442"
"83","C05382"
"84","C06019"
"85","C06473"
"86","C20589"
"89","C00029"
"92","C00116"
"93","C00167"
"94","C00181"
"95","C00191"
"99","C00259"
"100","C00266"
"101","C00309"
"102","C00310"
"103","C00312"
"104","C00333"
"105","C00379"
"106","C00433"
"107","C00470"
"108","C00474"
"109","C00476"
"110","C00502"
"111","C00508"
"112","C00514"
"113","C00532"
"114","C00558"
"115","C00618"
"116","C00714"
"117","C00789"
"118","C00800"
"119","C00817"
"120","C00905"
"121","C01068"
"122","C01101"
"123","C01508"
"124","C01904"
"125","C02266"
"126","C02273"
"127","C02426"
"128","C03033"
"129","C03291"
"130","C03826"
"131","C04053"
"132","C04349"
"133","C04575"
"134","C05385"
"135","C05411"
"136","C05412"
"137","C06118"
"138","C06441"
"139","C14899"
"140","C15930"
"141","C20680"
"142","C00095"
"143","C00096"
"146","C00159"
"148","C00247"
"150","C00275"
"151","C00325"
"152","C00392"
"153","C00424"
"154","C00464"
"155","C00507"
"157","C00636"
"158","C00644"
"159","C00665"
"160","C00794"
"161","C00861"
"162","C00976"
"163","C01019"
"164","C01094"
"165","C01096"
"166","C01099"
"167","C01131"
"168","C01222"
"169","C01355"
"170","C01487"
"171","C01720"
"172","C01721"
"173","C01768"
"174","C01934"
"175","C02431"
"176","C02492"
"177","C02888"
"178","C02962"
"179","C02977"
"180","C02985"
"181","C02991"
"182","C03117"
"183","C03267"
"184","C03827"
"185","C03979"
"186","C05144"
"189","C05392"
"190","C06192"
"191","C11516"
"192","C11544"
"193","C18028"
"194","C18096"
"195","C20781"
"198","C00052"
"199","C00085"
"200","C00089"
"206","C00124"
"207","C00137"
"209","C00243"
"211","C00446"
"212","C00492"
"216","C00795"
"217","C00880"
"218","C00984"
"219","C01097"
"220","C01113"
"221","C01132"
"222","C01216"
"223","C01235"
"224","C01286"
"225","C01613"
"226","C01697"
"227","C02262"
"228","C02669"
"229","C03383"
"230","C03733"
"231","C03785"
"232","C05396"
"233","C05399"
"234","C05400"
"235","C05401"
"236","C05402"
"237","C05404"
"238","C05796"
"239","C06311"
"240","C06376"
"241","C06377"
"245","C00072"
"254","C00545"
"257","C00679"
"258","C00684"
"260","C00818"
"261","C00879"
"262","C01040"
"263","C01041"
"265","C01114"
"266","C01115"
"267","C01146"
"268","C01620"
"269","C01825"
"270","C02280"
"271","C02670"
"272","C03064"
"273","C03289"
"275","C03921"
"280","C05422"
"282","C15923"
"283","C15924"
"284","C15925"
"285","C15926"
"287","C16186"
"288","C20889"
"289","C20896"
"290","C21955"
"292","C00083"
"293","C00154"
"294","C00173"
"295","C00229"
"296","C00249"
"297","C00383"
"298","C00638"
"299","C00685"
"300","C00693"
"301","C00712"
"302","C01203"
"303","C01209"
"304","C01271"
"305","C01530"
"306","C01571"
"307","C02679"
"308","C02843"
"309","C03939"
"310","C04088"
"311","C04180"
"312","C04246"
"313","C04618"
"314","C04619"
"315","C04620"
"316","C04633"
"317","C04688"
"318","C05223"
"319","C05744"
"320","C05745"
"321","C05746"
"322","C05747"
"323","C05748"
"324","C05749"
"325","C05750"
"326","C05751"
"327","C05752"
"328","C05753"
"329","C05754"
"330","C05755"
"331","C05756"
"332","C05757"
"333","C05758"
"334","C05759"
"335","C05760"
"336","C05761"
"337","C05762"
"338","C05763"
"339","C05764"
"340","C06423"
"341","C06424"
"342","C08362"
"343","C16219"
"344","C16220"
"345","C16221"
"346","C16520"
"347","C20683"
"348","C20794"
"350","C00040"
"352","C00136"
"354","C00162"
"356","C00264"
"357","C00605"
"359","C00640"
"360","C00658"
"361","C01832"
"362","C01944"
"363","C02593"
"365","C03221"
"366","C05258"
"367","C05259"
"368","C05260"
"369","C05261"
"370","C05262"
"371","C05263"
"372","C05264"
"373","C05265"
"374","C05266"
"375","C05267"
"376","C05268"
"377","C05269"
"378","C05270"
"379","C05271"
"380","C05272"
"381","C05273"
"382","C05274"
"383","C05275"
"384","C05276"
"385","C20876"
"386","C20877"
"387","C20878"
"388","C20879"
"389","C00010"
"391","C00071"
"395","C00226"
"398","C00332"
"399","C00340"
"400","C00435"
"401","C00489"
"402","C00517"
"403","C00527"
"405","C00823"
"406","C00877"
"407","C01144"
"408","C01371"
"412","C02990"
"414","C03547"
"415","C03561"
"416","C05102"
"436","C05279"
"437","C05280"
"440","C00164"
"441","C00207"
"443","C00356"
"444","C01089"
"445","C00187"
"446","C00448"
"447","C00751"
"448","C01054"
"449","C01164"
"450","C01189"
"451","C01561"
"452","C01673"
"453","C01694"
"454","C01724"
"455","C01753"
"456","C01789"
"457","C01802"
"458","C01902"
"459","C01943"
"460","C02141"
"461","C02530"
"462","C03428"
"463","C03845"
"464","C04525"
"465","C05103"
"466","C05107"
"467","C05108"
"468","C05109"
"469","C05437"
"470","C05439"
"471","C05440"
"472","C05441"
"473","C05442"
"474","C05443"
"475","C07712"
"476","C08813"
"477","C08821"
"478","C08830"
"479","C11455"
"480","C11508"
"481","C11522"
"482","C11523"
"483","C15776"
"484","C15777"
"485","C15778"
"486","C15780"
"487","C15781"
"488","C15782"
"489","C15783"
"490","C15808"
"491","C15816"
"492","C15915"
"493","C18231"
"494","C21106"
"495","C22112"
"496","C22116"
"497","C22119"
"498","C22120"
"499","C22121"
"500","C22122"
"501","C22123"
"502","C22136"
"503","C00037"
"505","C00245"
"506","C00695"
"507","C01301"
"508","C01794"
"509","C01921"
"510","C02528"
"511","C03594"
"512","C04554"
"513","C04722"
"514","C05122"
"515","C05337"
"516","C05444"
"517","C05445"
"518","C05446"
"519","C05447"
"520","C05448"
"521","C05449"
"522","C05451"
"523","C05452"
"524","C05453"
"525","C05454"
"526","C05455"
"527","C05460"
"528","C05465"
"529","C05466"
"530","C05467"
"531","C05468"
"532","C06341"
"533","C13550"
"534","C15518"
"535","C15519"
"536","C15520"
"537","C15610"
"538","C15613"
"539","C15614"
"540","C17331"
"541","C17332"
"542","C17333"
"543","C17335"
"544","C17336"
"545","C17337"
"546","C17339"
"547","C17343"
"548","C17345"
"549","C17346"
"550","C00082"
"551","C00156"
"552","C00223"
"553","C00251"
"554","C00341"
"555","C00353"
"556","C00399"
"557","C00423"
"558","C00544"
"559","C00811"
"560","C00828"
"561","C00885"
"562","C01179"
"563","C01230"
"564","C01967"
"565","C02059"
"566","C02477"
"567","C02483"
"568","C02730"
"569","C02949"
"570","C03160"
"571","C03313"
"572","C03657"
"573","C03885"
"574","C03964"
"575","C03993"
"576","C04145"
"577","C04146"
"578","C05200"
"579","C05313"
"580","C05427"
"581","C05802"
"582","C05803"
"583","C05804"
"584","C05805"
"585","C05807"
"586","C05809"
"587","C05810"
"588","C05811"
"589","C05812"
"590","C05813"
"591","C05814"
"592","C05815"
"593","C05817"
"594","C05819"
"595","C05847"
"596","C05848"
"597","C05849"
"598","C06986"
"599","C10793"
"600","C13309"
"601","C13425"
"602","C14151"
"603","C14152"
"604","C14153"
"605","C14154"
"606","C14155"
"607","C14156"
"608","C15547"
"609","C15882"
"610","C15883"
"611","C16519"
"612","C16695"
"613","C16999"
"614","C17010"
"615","C17017"
"616","C17018"
"617","C17412"
"618","C17432"
"619","C17551"
"620","C17552"
"621","C17554"
"622","C17559"
"623","C17560"
"624","C17561"
"625","C17562"
"626","C17568"
"627","C17569"
"628","C17570"
"629","C18131"
"630","C18132"
"631","C18133"
"632","C18134"
"633","C18135"
"634","C19847"
"635","C20265"
"636","C20737"
"637","C20738"
"638","C20772"
"639","C20773"
"640","C21084"
"641","C22039"
"643","C00280"
"644","C00410"
"645","C00468"
"646","C00523"
"647","C00535"
"648","C00674"
"649","C00735"
"650","C00762"
"651","C00951"
"652","C01124"
"653","C01176"
"654","C01227"
"655","C01780"
"656","C01953"
"657","C02140"
"658","C02373"
"659","C02537"
"660","C02538"
"661","C03205"
"662","C03681"
"663","C03747"
"664","C03772"
"665","C03852"
"666","C03917"
"667","C03935"
"668","C04042"
"669","C04295"
"670","C04373"
"671","C04518"
"672","C04555"
"673","C04676"
"674","C05138"
"675","C05139"
"676","C05140"
"677","C05141"
"678","C05284"
"679","C05285"
"680","C05290"
"681","C05291"
"682","C05293"
"683","C05294"
"684","C05295"
"685","C05296"
"686","C05297"
"687","C05298"
"688","C05299"
"689","C05300"
"690","C05301"
"691","C05302"
"692","C05469"
"693","C05470"
"694","C05471"
"695","C05472"
"696","C05473"
"697","C05474"
"698","C05475"
"699","C05476"
"700","C05477"
"701","C05478"
"702","C05479"
"703","C05480"
"704","C05481"
"705","C05482"
"706","C05483"
"707","C05484"
"708","C05485"
"709","C05487"
"710","C05488"
"711","C05489"
"712","C05490"
"713","C05497"
"714","C05498"
"715","C05499"
"716","C05500"
"717","C05501"
"718","C05502"
"719","C05503"
"720","C05504"
"721","C08357"
"722","C08358"
"723","C08359"
"724","C11131"
"725","C11132"
"726","C11133"
"727","C11134"
"728","C11135"
"729","C11136"
"730","C13712"
"731","C13713"
"732","C18038"
"733","C18039"
"734","C18040"
"735","C18041"
"736","C18042"
"737","C18043"
"738","C18044"
"739","C18045"
"740","C18075"
"741","C00001"
"742","C00002"
"743","C00003"
"744","C00004"
"745","C00007"
"746","C00008"
"747","C00009"
"748","C00013"
"750","C00061"
"751","C00080"
"753","C00390"
"755","C00524"
"756","C00536"
"757","C00011"
"758","C00014"
"759","C00025"
"761","C00049"
"762","C00062"
"763","C00064"
"764","C00077"
"765","C00086"
"767","C00169"
"768","C00327"
"769","C00437"
"770","C00624"
"771","C01010"
"772","C01250"
"773","C03406"
"774","C04133"
"775","C15532"
"776","C20948"
"777","C20949"
"778","C20950"
"779","C20951"
"784","C00020"
"785","C00035"
"787","C00039"
"788","C00044"
"789","C00046"
"790","C00048"
"791","C00053"
"792","C00054"
"793","C00059"
"795","C00081"
"797","C00104"
"800","C00130"
"801","C00131"
"802","C00144"
"803","C00147"
"805","C00206"
"806","C00209"
"807","C00212"
"808","C00224"
"809","C00242"
"810","C00262"
"811","C00286"
"812","C00288"
"813","C00294"
"814","C00301"
"815","C00330"
"816","C00360"
"817","C00361"
"818","C00362"
"819","C00366"
"820","C00385"
"821","C00387"
"822","C00499"
"823","C00559"
"824","C00575"
"825","C00603"
"827","C00655"
"828","C00700"
"829","C00802"
"830","C00942"
"831","C01228"
"832","C01260"
"833","C01261"
"834","C01344"
"835","C01345"
"836","C01367"
"837","C01444"
"838","C01762"
"839","C02091"
"840","C02348"
"841","C02350"
"842","C02353"
"843","C02718"
"844","C03090"
"845","C03373"
"846","C03483"
"847","C03614"
"848","C03794"
"849","C03838"
"850","C04051"
"851","C04376"
"852","C04392"
"853","C04494"
"854","C04640"
"855","C04677"
"856","C04734"
"857","C04751"
"858","C04823"
"859","C05239"
"860","C05512"
"861","C05513"
"862","C05515"
"863","C05516"
"864","C05993"
"865","C06193"
"866","C06194"
"867","C06195"
"868","C06196"
"869","C06197"
"870","C06433"
"871","C06435"
"872","C11821"
"873","C12248"
"874","C15667"
"878","C07130"
"879","C07480"
"880","C07481"
"881","C13747"
"882","C16352"
"883","C16353"
"884","C16355"
"885","C16356"
"886","C16357"
"887","C16358"
"888","C16359"
"889","C16360"
"890","C16361"
"891","C16362"
"892","C16363"
"893","C16364"
"894","C16365"
"895","C16366"
"896","C21144"
"897","C00015"
"901","C00055"
"902","C00063"
"904","C00075"
"906","C00099"
"907","C00105"
"908","C00106"
"909","C00112"
"912","C00178"
"913","C00214"
"914","C00222"
"915","C00239"
"916","C00295"
"917","C00299"
"918","C00337"
"919","C00363"
"920","C00364"
"921","C00365"
"922","C00380"
"924","C00429"
"925","C00438"
"926","C00458"
"927","C00459"
"928","C00460"
"929","C00475"
"930","C00526"
"932","C00705"
"933","C00813"
"934","C00881"
"935","C01013"
"936","C01103"
"937","C01168"
"938","C01205"
"939","C01346"
"940","C01368"
"941","C01563"
"942","C02067"
"943","C02170"
"944","C02354"
"945","C02355"
"946","C02376"
"947","C02642"
"948","C03997"
"949","C05281"
"950","C05822"
"951","C06198"
"952","C11038"
"953","C11039"
"954","C15607"
"955","C20231"
"956","C20249"
"957","C20253"
"958","C20254"
"959","C20846"
"960","C21028"
"961","C21029"
"967","C00041"
"972","C00152"
"975","C00232"
"976","C00334"
"977","C00352"
"978","C00402"
"980","C00940"
"981","C01042"
"982","C02362"
"986","C03912"
"987","C12270"
"988","C20775"
"989","C20776"
"996","C00065"
"997","C00078"
"998","C00097"
"999","C00101"
"1000","C00109"
"1001","C00114"
"1002","C00143"
"1003","C00168"
"1004","C00188"
"1006","C00213"
"1008","C00263"
"1009","C00300"
"1010","C00430"
"1011","C00441"
"1012","C00546"
"1013","C00576"
"1014","C00581"
"1016","C00719"
"1017","C00740"
"1018","C00986"
"1019","C01005"
"1020","C01026"
"1021","C01102"
"1022","C01242"
"1023","C01726"
"1024","C01888"
"1025","C02051"
"1026","C02291"
"1027","C02737"
"1028","C02855"
"1029","C02972"
"1030","C03082"
"1031","C03194"
"1032","C03232"
"1033","C03283"
"1034","C03508"
"1035","C05519"
"1036","C06231"
"1037","C06442"
"1038","C16432"
"1039","C19929"
"1040","C00019"
"1041","C00021"
"1045","C00051"
"1048","C00073"
"1049","C00094"
"1052","C00155"
"1053","C00170"
"1056","C00283"
"1057","C00409"
"1059","C00491"
"1060","C00506"
"1061","C00606"
"1062","C00793"
"1063","C00957"
"1064","C00979"
"1066","C01077"
"1067","C01118"
"1068","C01137"
"1069","C01180"
"1070","C01234"
"1071","C01817"
"1072","C01962"
"1073","C02218"
"1075","C02356"
"1076","C02989"
"1078","C03089"
"1079","C03145"
"1081","C03539"
"1082","C04188"
"1083","C04582"
"1084","C05524"
"1085","C05526"
"1086","C05527"
"1087","C05528"
"1088","C05823"
"1089","C05824"
"1090","C06547"
"1091","C08276"
"1092","C09306"
"1093","C11481"
"1094","C11499"
"1095","C11537"
"1096","C15606"
"1097","C15650"
"1098","C15651"
"1099","C18049"
"1100","C19787"
"1101","C21015"
"1102","C21016"
"1106","C00100"
"1107","C00123"
"1108","C00141"
"1110","C00183"
"1111","C00233"
"1113","C00349"
"1115","C00407"
"1116","C00630"
"1117","C00671"
"1118","C00683"
"1120","C01213"
"1122","C02939"
"1123","C03069"
"1124","C03231"
"1125","C03284"
"1126","C03344"
"1127","C03345"
"1128","C03460"
"1129","C04405"
"1130","C05996"
"1131","C05998"
"1132","C06000"
"1133","C06001"
"1134","C06002"
"1137","C15974"
"1138","C15975"
"1139","C15976"
"1140","C15977"
"1141","C15978"
"1142","C15979"
"1143","C15980"
"1144","C20827"
"1155","C02226"
"1156","C02504"
"1157","C02612"
"1158","C02631"
"1159","C04181"
"1160","C04236"
"1161","C04272"
"1162","C04411"
"1163","C06006"
"1164","C06007"
"1165","C06010"
"1166","C06032"
"1167","C14463"
"1172","C00047"
"1175","C00322"
"1177","C00408"
"1178","C00431"
"1179","C00449"
"1180","C00450"
"1181","C00487"
"1184","C00739"
"1186","C00956"
"1187","C00990"
"1188","C01028"
"1189","C01142"
"1191","C01149"
"1192","C01181"
"1193","C01186"
"1194","C01211"
"1195","C01259"
"1196","C01672"
"1197","C02188"
"1198","C02727"
"1199","C03087"
"1200","C03196"
"1201","C03239"
"1202","C03273"
"1203","C03366"
"1204","C03656"
"1205","C03793"
"1206","C03955"
"1207","C04020"
"1208","C04076"
"1209","C04092"
"1210","C04487"
"1211","C05161"
"1212","C05231"
"1213","C05544"
"1214","C05545"
"1215","C05546"
"1216","C05548"
"1217","C05554"
"1218","C05825"
"1219","C12455"
"1220","C16741"
"1221","C20333"
"1222","C00012"
"1230","C00134"
"1231","C00148"
"1232","C00179"
"1236","C00315"
"1238","C00406"
"1241","C00436"
"1243","C00533"
"1244","C00555"
"1246","C00750"
"1247","C00763"
"1248","C00791"
"1249","C00884"
"1251","C01035"
"1252","C01043"
"1253","C01110"
"1255","C01157"
"1256","C01165"
"1258","C01682"
"1259","C01877"
"1260","C02305"
"1261","C02565"
"1262","C02647"
"1263","C02714"
"1264","C02946"
"1265","C03078"
"1266","C03166"
"1267","C03287"
"1268","C03296"
"1269","C03375"
"1270","C03415"
"1271","C03440"
"1272","C03564"
"1273","C03771"
"1275","C04137"
"1276","C04281"
"1277","C04282"
"1278","C04498"
"1279","C05147"
"1280","C05931"
"1281","C05932"
"1282","C05933"
"1283","C05936"
"1284","C05938"
"1285","C05939"
"1286","C05941"
"1287","C05942"
"1288","C05945"
"1289","C05946"
"1290","C05947"
"1291","C10497"
"1292","C15699"
"1293","C15700"
"1294","C15767"
"1295","C18172"
"1296","C18174"
"1297","C18325"
"1298","C18326"
"1299","C19706"
"1304","C00135"
"1305","C00386"
"1306","C00388"
"1307","C00439"
"1308","C00785"
"1309","C00860"
"1310","C01044"
"1311","C01045"
"1312","C01100"
"1313","C01152"
"1314","C01262"
"1315","C01267"
"1316","C01929"
"1317","C02739"
"1318","C02741"
"1319","C02835"
"1320","C03277"
"1321","C03409"
"1322","C03680"
"1323","C04437"
"1324","C04666"
"1326","C04896"
"1327","C04916"
"1328","C05127"
"1329","C05130"
"1330","C05131"
"1331","C05133"
"1332","C05135"
"1333","C05565"
"1334","C05568"
"1335","C05570"
"1336","C05571"
"1337","C05572"
"1338","C05575"
"1339","C05827"
"1340","C05828"
"1341","C05829"
"1342","C16673"
"1343","C16674"
"1344","C20522"
"1345","C20994"
"1346","C20995"
"1351","C00146"
"1354","C00355"
"1355","C00483"
"1356","C00530"
"1358","C00547"
"1359","C00628"
"1360","C00642"
"1361","C00788"
"1363","C00822"
"1364","C01036"
"1365","C01060"
"1366","C01061"
"1367","C01161"
"1369","C01384"
"1370","C01693"
"1371","C01829"
"1372","C01850"
"1373","C02167"
"1374","C02442"
"1375","C02465"
"1376","C02514"
"1377","C02515"
"1378","C03063"
"1379","C03077"
"1380","C03758"
"1381","C03765"
"1383","C04043"
"1384","C04045"
"1385","C04052"
"1386","C04185"
"1387","C04186"
"1388","C04368"
"1389","C04642"
"1390","C04796"
"1391","C04797"
"1392","C05338"
"1393","C05350"
"1394","C05576"
"1395","C05577"
"1396","C05578"
"1397","C05579"
"1398","C05580"
"1399","C05581"
"1400","C05582"
"1401","C05583"
"1402","C05584"
"1403","C05585"
"1404","C05587"
"1405","C05588"
"1406","C05589"
"1407","C05593"
"1408","C05594"
"1409","C05595"
"1410","C05596"
"1411","C05600"
"1412","C05604"
"1413","C06044"
"1414","C06046"
"1415","C06047"
"1416","C06048"
"1417","C06199"
"1418","C06201"
"1419","C10447"
"1420","C17935"
"1421","C17936"
"1422","C17937"
"1423","C17938"
"1424","C22038"
"1428","C00079"
"1433","C00166"
"1434","C00180"
"1436","C00512"
"1437","C00582"
"1438","C00596"
"1439","C00601"
"1441","C00805"
"1442","C01198"
"1443","C01575"
"1444","C01586"
"1445","C01772"
"1446","C02137"
"1447","C02232"
"1448","C02265"
"1449","C02505"
"1450","C02763"
"1451","C02765"
"1452","C03519"
"1453","C03589"
"1454","C04044"
"1455","C04148"
"1456","C04351"
"1457","C04479"
"1458","C05332"
"1460","C05598"
"1461","C05607"
"1462","C05620"
"1463","C05629"
"1464","C05852"
"1465","C05853"
"1466","C06207"
"1467","C07086"
"1468","C08300"
"1469","C08301"
"1470","C11457"
"1471","C11588"
"1472","C12621"
"1473","C12622"
"1474","C12623"
"1475","C12624"
"1476","C14144"
"1477","C14145"
"1478","C15524"
"1479","C16719"
"1480","C17268"
"1481","C19945"
"1482","C19946"
"1483","C19975"
"1484","C20062"
"1487","C00108"
"1489","C00328"
"1490","C00331"
"1492","C00398"
"1493","C00463"
"1495","C00632"
"1496","C00637"
"1497","C00643"
"1498","C00780"
"1500","C00954"
"1501","C00955"
"1502","C00978"
"1503","C01111"
"1505","C01249"
"1506","C01252"
"1507","C01598"
"1508","C01717"
"1509","C01987"
"1510","C02161"
"1511","C02172"
"1512","C02220"
"1513","C02298"
"1514","C02470"
"1515","C02693"
"1516","C02700"
"1517","C02775"
"1518","C02937"
"1519","C02938"
"1520","C03227"
"1521","C03230"
"1522","C03453"
"1523","C03574"
"1524","C03722"
"1525","C03824"
"1526","C04409"
"1527","C05634"
"1528","C05635"
"1529","C05636"
"1530","C05637"
"1531","C05638"
"1532","C05639"
"1533","C05640"
"1534","C05641"
"1535","C05642"
"1536","C05643"
"1537","C05644"
"1538","C05645"
"1539","C05646"
"1540","C05647"
"1541","C05648"
"1542","C05651"
"1543","C05652"
"1544","C05653"
"1545","C05654"
"1546","C05655"
"1547","C05656"
"1548","C05658"
"1549","C05659"
"1550","C05660"
"1551","C05663"
"1552","C05830"
"1553","C05831"
"1554","C05832"
"1555","C05834"
"1556","C05835"
"1557","C05837"
"1558","C06212"
"1559","C06213"
"1560","C08313"
"1561","C10164"
"1562","C16516"
"1563","C16517"
"1564","C16518"
"1565","C17203"
"1566","C22006"
"1574","C00230"
"1576","C00254"
"1578","C00296"
"1579","C00354"
"1582","C00493"
"1583","C00587"
"1584","C00826"
"1585","C00944"
"1588","C01269"
"1589","C01302"
"1590","C02637"
"1591","C03175"
"1592","C03506"
"1593","C04302"
"1594","C04691"
"1595","C16848"
"1596","C16850"
"1597","C17235"
"1598","C20327"
"1599","C20653"
"1600","C20654"
"1601","C20710"
"1617","C00804"
"1618","C00864"
"1619","C00894"
"1622","C01073"
"1624","C02335"
"1626","C03492"
"1628","C05340"
"1629","C05341"
"1630","C05665"
"1631","C05668"
"1632","C05669"
"1633","C05670"
"1642","C00227"
"1645","C00519"
"1646","C00593"
"1648","C01678"
"1649","C01959"
"1650","C03149"
"1652","C05123"
"1653","C05844"
"1654","C06735"
"1655","C14179"
"1663","C01438"
"1664","C02798"
"1665","C03167"
"1666","C03557"
"1667","C04650"
"1668","C05672"
"1669","C05673"
"1670","C05674"
"1671","C05675"
"1672","C05676"
"1673","C05677"
"1674","C05678"
"1675","C05679"
"1676","C05680"
"1677","C05681"
"1678","C05682"
"1679","C05683"
"1680","C06367"
"1681","C06368"
"1682","C06451"
"1683","C06452"
"1684","C06454"
"1685","C06455"
"1686","C06456"
"1687","C06457"
"1688","C06459"
"1689","C17940"
"1690","C17941"
"1691","C17942"
"1692","C17943"
"1693","C17944"
"1694","C17945"
"1695","C17947"
"1696","C17948"
"1697","C17949"
"1698","C17950"
"1699","C17951"
"1700","C17952"
"1701","C17960"
"1702","C17961"
"1703","C17962"
"1704","C20396"
"1705","C20422"
"1706","C20423"
"1707","C20440"
"1708","C20986"
"1709","C21372"
"1710","C21403"
"1711","C21404"
"1712","C21613"
"1713","C00017"
"1715","C01528"
"1716","C02535"
"1717","C05172"
"1718","C05335"
"1719","C05336"
"1720","C05684"
"1721","C05686"
"1722","C05688"
"1723","C05689"
"1724","C05690"
"1725","C05695"
"1726","C05697"
"1727","C05698"
"1728","C05699"
"1729","C05703"
"1730","C06481"
"1731","C06482"
"1732","C16638"
"1733","C18870"
"1734","C18871"
"1735","C18872"
"1736","C18893"
"1737","C18902"
"1738","C18904"
"1739","C18905"
"1743","C00217"
"1744","C00692"
"1745","C00819"
"1746","C01050"
"1747","C01212"
"1748","C02237"
"1749","C02671"
"1750","C03933"
"1751","C05723"
"1752","C22053"
"1756","C00515"
"1757","C00792"
"1759","C01667"
"1760","C03341"
"1763","C03943"
"1764","C00005"
"1765","C00006"
"1773","C00127"
"1775","C00151"
"1777","C00669"
"1779","C01322"
"1780","C01419"
"1782","C01879"
"1783","C02090"
"1784","C02320"
"1785","C03170"
"1786","C03646"
"1787","C03740"
"1789","C05726"
"1790","C05727"
"1791","C05729"
"1792","C05730"
"1793","C16562"
"1794","C16563"
"1795","C16564"
"1796","C16565"
"1797","C16566"
"1798","C16567"
"1799","C16568"
"1800","C16663"
"1801","C16664"
"1806","C00092"
"1809","C00185"
"1810","C00208"
"1811","C00252"
"1812","C00369"
"1813","C00372"
"1814","C00394"
"1815","C00498"
"1816","C00501"
"1817","C00663"
"1818","C00689"
"1819","C00718"
"1820","C00721"
"1821","C00760"
"1822","C00963"
"1823","C00965"
"1824","C00973"
"1825","C01083"
"1826","C01231"
"1827","C01725"
"1828","C01898"
"1829","C01935"
"1830","C02591"
"1831","C02995"
"1832","C03323"
"1833","C04534"
"1834","C05731"
"1835","C06215"
"1836","C06400"
"1837","C16688"
"1838","C20237"
"1840","C00110"
"1841","C00381"
"1842","C00621"
"1843","C01246"
"1844","C03021"
"1845","C03862"
"1846","C06081"
"1847","G00001"
"1848","G00002"
"1849","G00003"
"1850","G00004"
"1851","G00005"
"1852","G00006"
"1853","G00007"
"1854","G00008"
"1855","G00009"
"1856","G00010"
"1857","G00011"
"1858","G00012"
"1859","G00013"
"1860","G00014"
"1861","G00015"
"1862","G00016"
"1863","G00017"
"1864","G00018"
"1865","G00019"
"1866","G00020"
"1867","G00021"
"1868","G00022"
"1869","G00171"
"1870","G10526"
"1871","G10595"
"1872","G10596"
"1873","G10597"
"1874","G10598"
"1875","G10599"
"1876","G10694"
"1877","C02189"
"1878","G00023"
"1879","G00024"
"1880","G00025"
"1881","G00026"
"1882","G00027"
"1883","G00028"
"1884","G00029"
"1885","G00030"
"1886","G00031"
"1887","G00032"
"1888","G00033"
"1889","G00034"
"1890","G00035"
"1891","G10611"
"1899","G00179"
"1900","G01813"
"1901","G05477"
"1902","G10665"
"1904","G10716"
"1905","G10770"
"1906","G10841"
"1907","G10920"
"1908","G11000"
"1909","G11040"
"1910","G11933"
"1911","G12617"
"1912","G12625"
"1913","G12626"
"1914","G13047"
"1915","G13048"
"1916","G13049"
"1917","G13050"
"1918","G13055"
"1919","G13056"
"1920","G13057"
"1921","G13058"
"1922","G13059"
"1927","G10617"
"1928","G13026"
"1929","G13027"
"1930","G13028"
"1931","G13082"
"1932","G13083"
"1933","G13084"
"1934","G13085"
"1935","G13086"
"1936","G13087"
"1937","G13088"
"1938","G13089"
"1939","G13090"
"1940","G13091"
"1941","G13092"
"1942","G13093"
"1943","G13094"
"1944","G13095"
"1945","G13096"
"1946","G13097"
"1947","G13098"
"1948","G13099"
"1949","G13100"
"1952","C00043"
"1956","C00128"
"1957","C00140"
"1961","C00190"
"1963","C00203"
"1966","C00270"
"1969","C00329"
"1972","C00357"
"1975","C00461"
"1978","C00617"
"1980","C00645"
"1983","C00734"
"1984","C00935"
"1987","C00996"
"1988","C00999"
"1991","C01170"
"1992","C01219"
"1994","C01623"
"1995","C01674"
"1996","C01788"
"1997","C02199"
"1999","C02330"
"2000","C02336"
"2001","C02352"
"2002","C02474"
"2003","C02713"
"2007","C03410"
"2008","C03598"
"2009","C03599"
"2010","C03691"
"2012","C03906"
"2013","C04037"
"2014","C04089"
"2015","C04257"
"2016","C04297"
"2017","C04501"
"2018","C04573"
"2019","C04613"
"2020","C04630"
"2021","C04631"
"2024","C06023"
"2025","C06156"
"2026","C06240"
"2027","C06241"
"2028","C11521"
"2029","C13952"
"2031","C16153"
"2032","C16154"
"2033","C16155"
"2034","C16156"
"2035","C16157"
"2036","C16698"
"2037","C17326"
"2038","C17327"
"2039","C17328"
"2040","C18094"
"2041","C19725"
"2042","C19745"
"2043","C19823"
"2044","C19961"
"2045","C19971"
"2046","C19972"
"2047","C20082"
"2048","C20083"
"2049","C20357"
"2050","C20359"
"2051","C20395"
"2052","C20418"
"2053","C20419"
"2054","C20424"
"2055","C20638"
"2056","C20672"
"2057","C21027"
"2064","C00397"
"2065","C00825"
"2066","C00832"
"2067","C00908"
"2068","C01441"
"2069","C01555"
"2070","C01737"
"2071","C01743"
"2072","C01759"
"2073","C01822"
"2074","C01823"
"2075","C01917"
"2076","C02033"
"2077","C02627"
"2078","C07656"
"2079","C12210"
"2080","C12211"
"2081","C15652"
"2082","C17209"
"2083","C17580"
"2084","C17581"
"2085","C17582"
"2086","C17583"
"2087","C17584"
"2088","C17585"
"2089","C17586"
"2090","C17587"
"2091","C17588"
"2092","C17589"
"2093","C17701"
"2094","C17702"
"2095","C17703"
"2096","C17704"
"2097","C17705"
"2098","C17706"
"2099","C17707"
"2100","C17712"
"2101","C17997"
"2102","C18000"
"2103","C18001"
"2104","C18002"
"2105","C18003"
"2106","C18004"
"2107","C18005"
"2108","C18006"
"2109","C18007"
"2110","C18008"
"2111","C18009"
"2112","C20350"
"2113","C20351"
"2114","C20353"
"2115","C20509"
"2116","C20614"
"2117","C20699"
"2118","C21176"
"2119","C21251"
"2120","C21252"
"2121","C21253"
"2122","C21254"
"2123","C21255"
"2124","C21256"
"2125","C21257"
"2126","C21258"
"2127","C21259"
"2128","C21260"
"2129","C21261"
"2130","C21262"
"2131","C21263"
"2132","C21264"
"2133","C21265"
"2134","C21266"
"2135","C21267"
"2136","C21268"
"2137","C21269"
"2138","C21270"
"2139","C00426"
"2140","C00573"
"2141","C00634"
"2142","C00925"
"2143","G00526"
"2144","G00711"
"2145","G00872"
"2146","G01391"
"2147","G01945"
"2148","G01977"
"2149","G02632"
"2150","G09660"
"2151","G10008"
"2152","G10505"
"2153","G12336"
"2154","G13034"
"2155","G13035"
"2156","G13036"
"2157","G13037"
"2158","G13038"
"2159","G13039"
"2160","G13040"
"2161","G13041"
"2162","G13042"
"2163","G13043"
"2164","G13073"
"2165","G13074"
"2168","C00401"
"2169","C01490"
"2171","G00154"
"2172","G00155"
"2173","G00156"
"2174","G00157"
"2175","G00158"
"2176","G00159"
"2177","G00160"
"2182","G00162"
"2183","G00163"
"2184","G00164"
"2187","C00093"
"2193","C00184"
"2196","C00416"
"2197","C00422"
"2200","C00641"
"2201","C00681"
"2202","C00969"
"2203","C01885"
"2204","C02133"
"2205","C02457"
"2206","C03692"
"2207","C04046"
"2208","C04315"
"2209","C04872"
"2211","C06037"
"2212","C06038"
"2213","C06040"
"2214","C06041"
"2215","C06042"
"2216","C06364"
"2217","C06365"
"2219","C13508"
"2220","C20897"
"2221","C20898"
"2222","C20991"
"2232","C00691"
"2233","C01177"
"2234","C01194"
"2235","C01204"
"2236","C01220"
"2237","C01243"
"2238","C01245"
"2239","C01272"
"2240","C01277"
"2241","C01284"
"2242","C03546"
"2243","C03659"
"2244","C03660"
"2245","C04006"
"2246","C04062"
"2247","C04063"
"2248","C04287"
"2249","C04477"
"2250","C04520"
"2251","C04549"
"2252","C04563"
"2253","C04579"
"2254","C04637"
"2255","C05981"
"2256","C06153"
"2257","C06892"
"2258","C06893"
"2259","C11554"
"2260","C11555"
"2261","C11556"
"2262","C11557"
"2263","C16737"
"2264","C19794"
"2265","C19799"
"2266","C19891"
"2267","C20251"
"2268","C21643"
"2269","C21644"
"2271","C00350"
"2273","G00143"
"2274","G00144"
"2275","G00145"
"2276","G00146"
"2277","G00148"
"2278","G00149"
"2279","G10610"
"2281","G12396"
"2282","G13044"
"2283","G13045"
"2284","G13046"
"2285","G13128"
"2291","C00157"
"2292","C00189"
"2293","C00269"
"2294","C00307"
"2295","C00344"
"2296","C00346"
"2299","C00513"
"2300","C00570"
"2301","C00588"
"2302","C00623"
"2304","C00670"
"2307","C01210"
"2308","C01233"
"2309","C01241"
"2310","C01996"
"2312","C03372"
"2313","C03819"
"2314","C03872"
"2315","C03892"
"2316","C03974"
"2317","C04230"
"2318","C04233"
"2319","C04308"
"2320","C04438"
"2321","C04590"
"2322","C04638"
"2323","C05973"
"2324","C05974"
"2325","C05976"
"2326","C05980"
"2327","C06771"
"2328","C06772"
"2329","C13482"
"2330","C18059"
"2331","C18125"
"2332","C18126"
"2333","C18129"
"2334","C18168"
"2335","C18169"
"2336","C20466"
"2337","C20518"
"2339","C00958"
"2341","C01264"
"2342","C02773"
"2343","C03201"
"2345","C03454"
"2346","C03715"
"2347","C03820"
"2348","C03968"
"2349","C04317"
"2350","C04361"
"2351","C04475"
"2352","C04517"
"2353","C04598"
"2354","C04635"
"2355","C04756"
"2356","C05212"
"2357","C05977"
"2358","C15645"
"2359","C15646"
"2360","C15647"
"2361","C20825"
"2362","C20859"
"2364","C00219"
"2365","C00427"
"2366","C00584"
"2367","C00639"
"2368","C00696"
"2369","C00909"
"2370","C01312"
"2371","C02165"
"2372","C02166"
"2373","C02198"
"2374","C03577"
"2375","C04577"
"2376","C04742"
"2377","C04805"
"2378","C04822"
"2379","C04853"
"2380","C05356"
"2381","C05949"
"2382","C05950"
"2383","C05951"
"2384","C05952"
"2385","C05953"
"2386","C05954"
"2387","C05955"
"2388","C05956"
"2389","C05957"
"2390","C05958"
"2391","C05959"
"2392","C05960"
"2393","C05961"
"2394","C05962"
"2395","C05963"
"2396","C05964"
"2397","C05965"
"2398","C05966"
"2399","C06314"
"2400","C06315"
"2401","C06462"
"2402","C13809"
"2403","C14717"
"2404","C14732"
"2405","C14748"
"2406","C14749"
"2407","C14768"
"2408","C14769"
"2409","C14770"
"2410","C14771"
"2411","C14772"
"2412","C14773"
"2413","C14774"
"2414","C14775"
"2415","C14776"
"2416","C14777"
"2417","C14778"
"2418","C14779"
"2419","C14780"
"2420","C14781"
"2421","C14782"
"2422","C14794"
"2423","C14795"
"2424","C14807"
"2425","C14808"
"2426","C14809"
"2427","C14810"
"2428","C14811"
"2429","C14812"
"2430","C14813"
"2431","C14814"
"2432","C14815"
"2433","C14820"
"2434","C14821"
"2435","C14822"
"2436","C14823"
"2437","C14824"
"2440","C01595"
"2441","C03242"
"2442","C04056"
"2443","C04717"
"2444","C06426"
"2445","C07289"
"2446","C07338"
"2447","C07354"
"2448","C14762"
"2449","C14765"
"2450","C14766"
"2451","C14767"
"2452","C14825"
"2453","C14826"
"2454","C14827"
"2455","C14828"
"2456","C14829"
"2457","C14831"
"2458","C14832"
"2459","C14833"
"2460","C14834"
"2461","C14835"
"2462","C14836"
"2463","C14837"
"2464","C19937"
"2465","C20186"
"2467","C01226"
"2468","C04672"
"2469","C04780"
"2470","C04785"
"2471","C06427"
"2472","C08491"
"2473","C08492"
"2474","C11512"
"2475","C16300"
"2476","C16308"
"2477","C16309"
"2478","C16310"
"2479","C16311"
"2480","C16316"
"2481","C16317"
"2482","C16318"
"2483","C16319"
"2484","C16320"
"2485","C16321"
"2486","C16322"
"2487","C16323"
"2488","C16324"
"2489","C16325"
"2490","C16326"
"2491","C16327"
"2492","C16328"
"2493","C16330"
"2494","C16331"
"2495","C16332"
"2496","C16334"
"2497","C16335"
"2498","C16336"
"2499","C16338"
"2500","C16339"
"2501","C16341"
"2502","C16342"
"2503","C16343"
"2504","C16344"
"2505","C16345"
"2506","C16346"
"2507","C19757"
"2508","C21923"
"2509","C21924"
"2512","C00195"
"2513","C00319"
"2515","C00550"
"2516","C00836"
"2517","C01120"
"2518","C01190"
"2519","C01290"
"2520","C01747"
"2521","C02686"
"2522","C02934"
"2523","C02960"
"2524","C03640"
"2526","C06062"
"2527","C06124"
"2528","C06125"
"2529","C06126"
"2530","C06127"
"2531","C06128"
"2532","C12126"
"2533","C12144"
"2534","C12145"
"2535","G00036"
"2536","G00037"
"2537","G00038"
"2538","G00039"
"2539","G00040"
"2540","G00042"
"2541","G00043"
"2542","G00044"
"2543","G00045"
"2544","G00046"
"2545","G00047"
"2546","G00048"
"2547","G00050"
"2548","G00051"
"2549","G00052"
"2550","G00054"
"2551","G00055"
"2552","G00056"
"2553","G00057"
"2554","G00058"
"2555","G00059"
"2556","G00060"
"2557","G00061"
"2558","G00062"
"2559","G00063"
"2560","G00064"
"2561","G00066"
"2562","G00067"
"2563","G00068"
"2564","G00069"
"2565","G00071"
"2566","G00072"
"2567","G00073"
"2568","G00074"
"2569","G00075"
"2570","G00076"
"2571","G00077"
"2572","G00078"
"2573","G00079"
"2574","G00080"
"2575","G00081"
"2576","G00082"
"2577","G00083"
"2578","G00084"
"2579","G00085"
"2580","G00086"
"2581","G00087"
"2582","G00088"
"2583","G00089"
"2584","G00090"
"2585","G00091"
"2586","G00092"
"2587","G00428"
"2588","G00889"
"2590","G00093"
"2591","G00094"
"2592","G00095"
"2593","G00096"
"2594","G00097"
"2595","G00098"
"2596","G00099"
"2597","G00100"
"2598","G00101"
"2599","G00102"
"2600","G00103"
"2601","G00104"
"2602","G00105"
"2603","G00106"
"2604","G00107"
"2605","G00181"
"2606","G00392"
"2607","G00403"
"2608","G02977"
"2609","G11492"
"2610","G13080"
"2611","G13081"
"2613","G00108"
"2614","G00109"
"2615","G00110"
"2616","G00111"
"2617","G00112"
"2618","G00113"
"2619","G00114"
"2620","G00115"
"2621","G00116"
"2622","G00117"
"2623","G00118"
"2624","G00119"
"2625","G00120"
"2626","G00121"
"2627","G00122"
"2628","G00123"
"2629","G00124"
"2630","G00125"
"2631","G00126"
"2632","G00127"
"2633","G00128"
"2634","G00129"
"2635","G00130"
"2636","G00131"
"2637","G00132"
"2638","G00166"
"2639","G00167"
"2640","G00168"
"2641","G00169"
"2642","G00170"
"2648","C00058"
"2657","C00256"
"2661","C00937"
"2662","C01251"
"2663","C02488"
"2665","C03248"
"2666","C03451"
"2667","C03981"
"2670","C05994"
"2681","C00027"
"2695","C00160"
"2702","C00313"
"2705","C00552"
"2708","C00798"
"2710","C00888"
"2711","C00898"
"2712","C00975"
"2713","C00988"
"2714","C01127"
"2716","C01182"
"2718","C01380"
"2719","C01732"
"2720","C01989"
"2721","C01990"
"2722","C02123"
"2723","C02405"
"2724","C03217"
"2725","C03459"
"2726","C03548"
"2728","C03618"
"2729","C04348"
"2730","C06027"
"2731","C06028"
"2732","C06049"
"2733","C18026"
"2734","C18324"
"2735","C20238"
"2746","C00132"
"2747","C00163"
"2754","C00479"
"2756","C00583"
"2759","C00827"
"2763","C01845"
"2765","C02225"
"2767","C02876"
"2768","C04225"
"2769","C04593"
"2770","C05235"
"2772","C05979"
"2773","C05983"
"2774","C05984"
"2775","C05989"
"2779","C17530"
"2780","C20783"
"2781","C21017"
"2782","C21018"
"2783","C21250"
"2794","C00246"
"2798","C00497"
"2799","C00741"
"2800","C00810"
"2802","C00989"
"2806","C01412"
"2807","C01769"
"2808","C02331"
"2809","C02411"
"2810","C02527"
"2811","C02630"
"2812","C03044"
"2813","C03046"
"2814","C03058"
"2816","C04546"
"2818","C06142"
"2819","C06143"
"2820","C06144"
"2821","C06145"
"2822","C06146"
"2823","C11062"
"2824","C20657"
"2825","C21390"
"2828","C00234"
"2829","C00415"
"2830","C00440"
"2831","C00445"
"2832","C00504"
"2833","C00664"
"2834","C03479"
"2836","C00018"
"2843","C00378"
"2844","C01081"
"2845","C01279"
"2846","C02892"
"2847","C03028"
"2849","C04294"
"2850","C04327"
"2851","C04556"
"2852","C04752"
"2853","C05856"
"2854","C11437"
"2855","C15809"
"2856","C15810"
"2857","C15811"
"2858","C15812"
"2859","C15813"
"2860","C15814"
"2861","C19872"
"2862","C20246"
"2863","C20247"
"2864","C20267"
"2865","C20784"
"2866","C00016"
"2870","C00255"
"2872","C01007"
"2873","C01268"
"2874","C01304"
"2875","C01352"
"2876","C01727"
"2877","C01847"
"2878","C03114"
"2879","C04332"
"2880","C04454"
"2881","C04732"
"2882","C05995"
"2883","C15556"
"2884","C15563"
"2885","C18910"
"2890","C00250"
"2893","C00314"
"2894","C00534"
"2895","C00627"
"2896","C00647"
"2897","C00847"
"2898","C00971"
"2899","C01215"
"2900","C01270"
"2901","C03393"
"2902","C04106"
"2903","C04604"
"2904","C04690"
"2905","C04773"
"2906","C06050"
"2907","C06051"
"2908","C06052"
"2909","C06054"
"2910","C06055"
"2911","C06056"
"2912","C07335"
"2913","C11638"
"2921","C00153"
"2924","C00253"
"2926","C00455"
"2927","C00857"
"2928","C00922"
"2929","C01004"
"2930","C01020"
"2931","C01056"
"2932","C01059"
"2933","C01185"
"2934","C01297"
"2936","C01596"
"2937","C02295"
"2938","C02918"
"2939","C02930"
"2940","C03043"
"2941","C03056"
"2942","C03150"
"2943","C03458"
"2944","C03652"
"2946","C04226"
"2947","C05380"
"2948","C05840"
"2949","C05841"
"2950","C05842"
"2951","C05843"
"2952","C06178"
"2953","C15523"
"2954","C15986"
"2955","C15987"
"2956","C16150"
"2957","C16151"
"2958","C16152"
"2959","C16159"
"2960","C16390"
"2961","C18232"
"2962","C19567"
"2963","C19569"
"2964","C19631"
"2965","C20361"
"2966","C20381"
"2967","C21075"
"2968","C21154"
"2980","C00522"
"2981","C00831"
"2983","C00882"
"2984","C00966"
"2985","C01053"
"2986","C01088"
"2987","C01134"
"2990","C03688"
"2991","C04079"
"2993","C04352"
"2994","C05944"
"2996","C18911"
"2999","C00120"
"3000","C01037"
"3001","C01063"
"3002","C01092"
"3004","C01894"
"3005","C01909"
"3006","C02656"
"3007","C05552"
"3008","C05921"
"3009","C06250"
"3010","C19673"
"3011","C19845"
"3012","C19846"
"3013","C20372"
"3014","C20373"
"3015","C20374"
"3016","C20375"
"3017","C20376"
"3018","C20377"
"3019","C20378"
"3020","C20384"
"3021","C20385"
"3022","C20386"
"3023","C20387"
"3027","C02147"
"3033","C16238"
"3034","C16241"
"3035","C22159"
"3036","C22160"
"3037","C22161"
"3044","C00268"
"3045","C00272"
"3048","C00568"
"3049","C00835"
"3050","C00921"
"3051","C01217"
"3052","C01300"
"3054","C02587"
"3055","C02953"
"3056","C03541"
"3057","C03684"
"3058","C04244"
"3059","C04807"
"3060","C04874"
"3061","C04895"
"3062","C05922"
"3063","C05923"
"3064","C05924"
"3065","C05925"
"3066","C05926"
"3067","C05927"
"3068","C06148"
"3069","C09332"
"3070","C11355"
"3071","C15522"
"3072","C15996"
"3073","C16675"
"3074","C18237"
"3075","C18239"
"3076","C18802"
"3077","C19848"
"3078","C19871"
"3079","C20239"
"3080","C20248"
"3081","C20264"
"3082","C20559"
"3083","C20562"
"3084","C20566"
"3085","C20567"
"3086","C21007"
"3087","C21008"
"3088","C21065"
"3089","C21094"
"3090","C21107"
"3091","C21310"
"3092","C21485"
"3093","C21486"
"3094","C21640"
"3095","C00376"
"3096","C00473"
"3097","C00777"
"3098","C00778"
"3099","C00899"
"3100","C02075"
"3101","C02094"
"3102","C02110"
"3103","C02588"
"3104","C03455"
"3105","C05914"
"3106","C05915"
"3107","C05916"
"3108","C05917"
"3109","C11061"
"3110","C15492"
"3111","C15493"
"3112","C16677"
"3113","C16678"
"3114","C16679"
"3115","C16680"
"3116","C16681"
"3117","C16682"
"3118","C16683"
"3119","C21797"
"3121","C00032"
"3124","C00194"
"3126","C00486"
"3127","C00500"
"3129","C00541"
"3130","C00748"
"3131","C00853"
"3132","C00931"
"3133","C00992"
"3134","C01024"
"3135","C01051"
"3136","C01079"
"3137","C01708"
"3138","C02139"
"3139","C02191"
"3140","C02463"
"3141","C02469"
"3142","C02800"
"3143","C02823"
"3144","C02880"
"3145","C02987"
"3146","C03029"
"3148","C03179"
"3150","C03263"
"3151","C03516"
"3152","C03741"
"3153","C04122"
"3154","C04536"
"3155","C04778"
"3156","C05306"
"3157","C05307"
"3158","C05766"
"3159","C05767"
"3160","C05768"
"3161","C05769"
"3162","C05770"
"3163","C05772"
"3164","C05773"
"3165","C05774"
"3166","C05775"
"3167","C05777"
"3168","C05778"
"3169","C05779"
"3170","C05780"
"3171","C05781"
"3172","C05782"
"3173","C05783"
"3174","C05784"
"3175","C05785"
"3176","C05786"
"3177","C05787"
"3178","C05789"
"3179","C05790"
"3180","C05791"
"3181","C05793"
"3182","C05794"
"3183","C05795"
"3184","C05797"
"3185","C05798"
"3186","C05912"
"3187","C05913"
"3188","C06319"
"3189","C06320"
"3190","C06399"
"3191","C06406"
"3192","C06407"
"3193","C06408"
"3194","C06416"
"3195","C06503"
"3196","C06504"
"3197","C06505"
"3198","C06506"
"3199","C06507"
"3200","C06508"
"3201","C06509"
"3202","C06510"
"3203","C11242"
"3204","C11243"
"3205","C11538"
"3206","C11539"
"3207","C11540"
"3208","C11542"
"3209","C11543"
"3210","C11545"
"3211","C11630"
"3212","C11829"
"3213","C11830"
"3214","C11831"
"3215","C11832"
"3216","C11850"
"3217","C11851"
"3218","C12147"
"3219","C14818"
"3220","C14819"
"3221","C15670"
"3222","C15672"
"3223","C16242"
"3224","C16243"
"3225","C16244"
"3226","C16540"
"3227","C16541"
"3228","C17401"
"3229","C18021"
"3230","C18022"
"3231","C18064"
"3232","C18098"
"3233","C18151"
"3234","C18152"
"3235","C18153"
"3236","C18154"
"3237","C18155"
"3238","C18156"
"3239","C18157"
"3240","C18160"
"3241","C18161"
"3242","C18162"
"3243","C18163"
"3244","C20666"
"3245","C21217"
"3246","C21284"
"3247","C21427"
"3248","C21428"
"3249","C21429"
"3250","C21431"
"3251","C21432"
"3252","C21433"
"3253","C21434"
"3254","C21435"
"3255","C21510"
"3256","C21511"
"3257","C21512"
"3258","C21582"
"3259","C21723"
"3260","C21724"
"3261","C21835"
"3265","C00129"
"3266","C00235"
"3271","C00418"
"3273","C01107"
"3274","C01126"
"3275","C01143"
"3277","C02321"
"3278","C03461"
"3281","C04216"
"3282","C04506"
"3283","C04574"
"3284","C04748"
"3286","C05859"
"3288","C11434"
"3289","C11435"
"3290","C11436"
"3292","C11453"
"3293","C11811"
"3294","C16521"
"3295","C16826"
"3297","C18321"
"3298","C19691"
"3299","C19760"
"3300","C19852"
"3301","C19853"
"3302","C20120"
"3303","C20121"
"3304","C20345"
"3305","C20847"
"3306","C20848"
"3312","C00088"
"3314","C00192"
"3315","C00244"
"3317","C00488"
"3319","C00697"
"3320","C00726"
"3321","C00887"
"3322","C01417"
"3324","C05361"
"3325","C06058"
"3333","C00087"
"3341","C00320"
"3343","C00580"
"3346","C01861"
"3347","C02084"
"3348","C03920"
"3349","C04022"
"3351","C11142"
"3352","C11143"
"3353","C11145"
"3354","C15521"
"3355","C17267"
"3356","C19692"
"3357","C20870"
"3358","C20955"
"3359","C00745"
"3360","C00829"
"3361","C02617"
"3362","C03012"
"3363","C06205"
"3364","C06755"
"3365","C06790"
"3366","C06800"
"3367","C06899"
"3368","C07490"
"3369","C07535"
"3370","C11036"
"3371","C11088"
"3372","C11148"
"3373","C11149"
"3374","C11150"
"3375","C11278"
"3376","C11713"
"3377","C11714"
"3378","C14039"
"3379","C14040"
"3380","C14453"
"3381","C14556"
"3382","C14783"
"3383","C14784"
"3384","C14785"
"3385","C14786"
"3386","C14787"
"3387","C14788"
"3388","C14789"
"3389","C14790"
"3390","C14791"
"3391","C14792"
"3392","C14793"
"3393","C14796"
"3394","C14797"
"3395","C14798"
"3396","C14799"
"3397","C14800"
"3398","C14801"
"3399","C14802"
"3400","C14803"
"3401","C14804"
"3402","C14805"
"3403","C14806"
"3404","C14839"
"3405","C14840"
"3406","C14841"
"3407","C14842"
"3408","C14843"
"3409","C14844"
"3410","C14845"
"3411","C14846"
"3412","C14847"
"3413","C14848"
"3414","C14849"
"3415","C14850"
"3416","C14851"
"3417","C14852"
"3418","C14853"
"3419","C14854"
"3420","C14855"
"3421","C14856"
"3422","C14857"
"3423","C14858"
"3424","C14859"
"3425","C14860"
"3426","C14861"
"3427","C14862"
"3428","C14863"
"3429","C14864"
"3430","C14865"
"3431","C14866"
"3432","C14867"
"3433","C14868"
"3434","C14869"
"3435","C14870"
"3436","C14871"
"3437","C14872"
"3438","C14873"
"3439","C14874"
"3440","C14875"
"3441","C14876"
"3442","C14877"
"3443","C16453"
"3444","C16756"
"3445","C19488"
"3446","C19489"
"3447","C19490"
"3448","C19559"
"3449","C19561"
"3450","C19562"
"3451","C19563"
"3452","C19564"
"3453","C19565"
"3454","C19566"
"3456","C19568"
"3458","C19574"
"3459","C19577"
"3460","C19578"
"3461","C19579"
"3462","C19580"
"3463","C19581"
"3464","C19582"
"3465","C19585"
"3466","C19586"
"3467","C19588"
"3468","C19589"
"3469","C19590"
"3470","C19591"
"3471","C19592"
"3472","C19594"
"3473","C19595"
"3474","C19602"
"3475","C19603"
"3476","C19604"
"3477","C19605"
"3478","C19606"
"3479","C19607"
"3480","C01471"
"3481","C01516"
"3482","C05011"
"3483","C06174"
"3484","C06754"
"3485","C06868"
"3486","C07047"
"3487","C07073"
"3488","C07108"
"3489","C07163"
"3490","C07185"
"3491","C07492"
"3492","C07493"
"3493","C07495"
"3494","C07496"
"3495","C07501"
"3496","C07572"
"3497","C07643"
"3498","C07644"
"3499","C07645"
"3500","C07646"
"3501","C07647"
"3502","C07888"
"3503","C08012"
"3504","C11004"
"3505","C11583"
"3506","C11785"
"3507","C16544"
"3508","C16545"
"3509","C16546"
"3510","C16547"
"3511","C16548"
"3512","C16549"
"3513","C16550"
"3514","C16551"
"3515","C16552"
"3516","C16553"
"3517","C16554"
"3518","C16555"
"3519","C16556"
"3520","C16557"
"3521","C16558"
"3522","C16559"
"3523","C16560"
"3524","C16561"
"3525","C16569"
"3526","C16570"
"3527","C16571"
"3528","C16572"
"3529","C16576"
"3530","C16577"
"3531","C16578"
"3532","C16582"
"3533","C16584"
"3534","C16586"
"3535","C16587"
"3536","C16591"
"3537","C16592"
"3538","C16595"
"3539","C16596"
"3540","C16601"
"3541","C16602"
"3542","C16603"
"3543","C16604"
"3544","C16605"
"3545","C16606"
"3546","C16607"
"3547","C16608"
"3548","C16609"
"3549","C16610"
"3550","C16612"
"3551","C16643"
"3552","C16648"
"3553","C16649"
"3554","C16650"
"3555","C16651"
"3556","C16652"
"3557","C16653"
"3558","C16654"
"3559","C16655"
"3560","C16656"
"3561","C16657"
"3562","C16658"
"3563","C16659"
"3564","C16660"
"3565","C16661"
"3566","C16662"
"3567","D00195"
"3568","D00252"
"3569","D00343"
"3570","D00358"
"3571","D00399"
"3572","D00533"
"3573","D00536"
"3574","D04716"
"3575","D07704"
"3576","D07760"
"3577","D08195"
"3578","D08233"
"3579","D08559"
"3583","C02380"
"3584","C04242"
"3585","C04646"
"3587","C06108"
"3588","C06837"
"3589","C07054"
"3590","C07446"
"3591","C07447"
"3592","C07585"
"3593","C07648"
"3594","C07649"
"3595","C11173"
"3596","C11376"
"3597","C11736"
"3598","C12650"
"3599","C12673"
"3600","C12739"
"3601","C13252"
"3602","C16542"
"3603","C16543"
"3604","C16613"
"3605","C16614"
"3606","C16615"
"3607","C16616"
"3608","C16617"
"3609","C16618"
"3610","C16619"
"3611","C16620"
"3612","C16621"
"3613","C16622"
"3614","C16623"
"3615","C16624"
"3616","C16625"
"3617","C16630"
"3618","C16631"
"3619","C16632"
"3620","C16633"
"3621","C16634"
"3622","C16635"
"3623","C16641"
"3624","C21748"
"3625","C21749"
"3626","C21750"
"3627","C21751"
"3628","C21754"
"3629","C21758"
"3630","C21759"
"3631","C21760"
"3632","D00238"
"3633","D00346"
"3634","D00584"
"3635","D01223"
"3636","D01244"
"3637","D01309"
"3638","D01784"
"3639","D04197"
"3640","D04931"
"3641","D08086"
"3642","D08603"
"3646","C00412"
"3647","C00510"
"3652","C02041"
"3653","C02050"
"3654","C02249"
"3655","C03035"
"3657","C03595"
"3660","C06425"
"3663","C06428"
"3664","C06429"
"3665","C08281"
"3666","C08316"
"3667","C08320"
"3668","C08323"
"3669","C16160"
"3670","C16161"
"3671","C16162"
"3672","C16163"
"3673","C16164"
"3674","C16165"
"3675","C16166"
"3676","C16167"
"3677","C16168"
"3678","C16169"
"3679","C16170"
"3680","C16171"
"3681","C16172"
"3682","C16173"
"3683","C16179"
"3684","C16180"
"3685","C16513"
"3686","C16522"
"3687","C16525"
"3688","C16526"
"3689","C16527"
"3690","C16528"
"3691","C16529"
"3692","C16530"
"3693","C16531"
"3694","C16532"
"3695","C16533"
"3696","C16645"
"3697","C17279"
"3698","C21072"
"3699","C21932"
"3700","C21934"
"3701","C21935"
"3702","C21937"
"3703","C21939"
"3704","C21941"
"3705","C21943"
"3706","C21945"
"3707","C21947"
"3708","C21949"
"3709","C21951"
"3710","C21953"
"3711","C21959"
"3712","C21961"
"3713","C21963"
"3714","C21965"
"3715","C21967"
"3716","C21981"
