,tn1mean,tn2mean,tn3mean,pn1mean,pn2mean,pn3mean
0.40_160.8785m/z,237.6725244,228.2916981,223.5475005,253.3126319,242.1292618,240.9431008
0.53_174.9560m/z,120.9708108,121.9592097,120.3512815,125.8484963,125.6216185,129.106364
0.57_194.9513m/z,154.2351977,152.6689654,150.9180688,165.8411802,161.3004064,157.5364362
0.64_406.9015m/z,1482.046789,1620.29556,1576.804082,1549.908568,1542.252285,1527.411526
0.64_639.0365n,820.7436912,1176.404908,895.7550614,76.33744295,0,523.1437067
0.65_402.9946m/z,222.3237718,231.1714474,238.3961996,49.1791372,2.016456447,141.4368095
0.65_579.0266m/z,382.9827559,462.0528465,457.4159713,40.35240465,0,135.020498
0.67_191.0196m/z,3145.364146,3328.688636,3164.438633,1371.421353,1577.352744,1282.050463
0.67_225.0087m/z,116.1811359,119.3119988,155.5678535,56.4237134,269.385514,47.52115417
0.67_261.0722m/z,378.2676635,460.8060169,434.3390598,46.40710041,81.84350644,35.32626637
0.67_289.0660m/z,604.9538865,693.1272968,757.1121098,52.77202854,136.5046559,65.79079255
0.67_294.9929m/z,1211.310711,1250.036828,1203.597255,596.9306731,603.5118884,539.3189212
0.67_354.0594m/z,323.1085984,332.5844757,181.8562966,87.5140893,16.62344008,64.21314019
0.67_442.0161m/z,207.8772319,195.56736,279.981384,81.82887279,7.400624317,122.3116773
0.67_611.1446m/z,3094.466663,3081.020577,4736.205457,716.0044416,11.3699175,1345.521403
0.67_633.1260m/z,340.7626417,337.6111031,524.8534753,75.11852528,0.621373612,168.0774889
0.70_134.0220n,229.6885074,272.9321546,246.8346257,118.2436867,349.876399,151.9075175
0.70_210.9956m/z,202.3778423,280.9161677,214.2414259,112.6979472,120.095594,90.55974725
0.70_229.0111m/z,824.6036167,1320.218667,809.3788138,387.1194162,238.912433,362.2535707
0.70_259.0215m/z,489.5913427,689.5841441,569.6027713,120.1404589,802.1914528,95.33593953
0.70_320.0503n,389.6498848,303.7585197,465.4383603,237.2020449,420.0393272,387.8846322
0.70_323.0284m/z,1590.319727,1255.283187,1384.837775,502.3733213,425.5827794,717.6048059
0.70_347.0376m/z,460.7815217,356.0967558,692.6496398,307.275834,58.18486539,238.5000945
0.70_362.0501m/z,2683.578166,2105.974696,2747.179221,352.7726785,6.581130982,594.5958708
0.70_372.9699m/z,359.812355,354.3020561,357.171324,231.8413828,204.6473556,229.0458595
0.70_427.0294n,177.7930224,154.1823966,232.1102875,236.704185,16.70585574,214.7686986
0.70_565.0470m/z,293.0081448,300.1123475,254.1658264,21.66140817,0,71.05394148
0.70_740.2115m/z,281.4763915,334.7135182,311.0716195,0,0,0
0.70_96.9632m/z,1083.03803,1164.843195,1060.861368,1101.769147,1877.75223,921.544986
0.72_263.0080m/z,127.7778225,587.7890409,138.8511066,316.6625937,509.4683955,89.00429312
0.72_300.0465m/z,437.3458876,494.1152422,480.4069905,77.16523273,508.592078,82.87581522
0.72_313.0034m/z,459.9409708,461.7699966,272.7432546,98.11505194,261.5250594,151.3902263
0.72_322.0439m/z,267.3427366,234.3498589,264.9194641,146.2012393,111.7108059,154.4119172
0.72_330.0380n,13.62457561,41.97776602,592.0463952,114.7507658,8.872043392,428.0337699
0.72_356.9922m/z,255.5939337,201.2886225,292.0014805,157.9157744,313.4182213,236.8864223
0.72_389.0485m/z,319.9963983,284.1656861,404.3256629,202.7695943,290.3561653,294.4285355
0.72_391.0059m/z,309.5940051,270.5054464,336.7893934,264.4354061,165.0532485,470.4164352
0.72_606.0741m/z,4041.137441,3825.24717,3238.169438,864.8622896,33.02702287,1240.037424
0.72_629.1328m/z,89.09304401,106.879533,135.3620049,152.7957706,276.7552921,308.5640714
0.72_669.0601m/z,342.7845339,336.5027892,515.5608497,78.89746023,0,180.5647203
0.73_140.0119m/z,911.1124692,886.3139465,1013.537518,161.8791333,202.168237,304.2935488
0.73_174.0407m/z,582.4282909,689.7151026,685.534075,36.69936982,101.8952125,54.95062076
0.73_213.0154m/z,203.9233906,297.334687,228.1380704,26.57435953,68.71006202,16.60945372
0.73_244.0682n,256.8854019,277.4604125,248.6117102,61.72464166,193.3324189,75.98722115
0.73_247.0921m/z,239.7704844,251.331623,369.9664495,110.9778873,181.9112995,200.7295381
0.73_271.0560m/z,368.6199999,428.0798705,397.2441079,45.05049133,41.09176827,66.63482545
0.73_275.0876m/z,191.8525913,232.3350194,229.7729831,19.65746922,70.74072352,23.79646317
0.73_276.9293m/z,776.799159,791.7275254,746.7776182,1045.090391,840.3960768,939.2357293
0.73_281.0340m/z,191.9002077,207.9726837,192.5114295,72.61534184,136.3598985,46.38864648
0.73_305.0677m/z,269.6017824,273.1288858,366.4994332,86.0273416,14.87215304,148.4546854
0.73_309.0351m/z,135.3095433,163.3707624,129.5516097,52.61901771,113.8508839,34.60651344
0.73_343.9949m/z,170.2091867,456.4809312,551.0334321,69.32074034,99.58786104,357.0970401
0.73_386.0326m/z,3822.555859,4072.899866,1607.098601,1048.061805,44.72418335,1586.841303
0.73_399.0443m/z,171.4903089,226.3594292,164.8388689,22.02753896,27.94145856,0.945499204
0.73_445.0518m/z,186.9842596,189.2259212,236.2556124,31.05927318,5.986017883,45.48543013
0.75_156.9418m/z,188.9305016,187.1540667,180.8638011,186.8343371,228.9512375,211.5115316
0.75_168.0426m/z,257.1305963,255.6517491,301.3902828,61.06632742,119.4379271,77.19610325
0.75_175.9559n,759.5536215,750.9616005,715.5742508,763.2207905,893.7673328,834.4517342
0.75_188.0562m/z,139.3286678,154.0160217,154.2076744,32.10777501,151.3962832,32.65774073
0.75_216.9117m/z,396.0713649,375.6880502,392.4944151,368.1956608,575.399043,389.5353116
0.75_235.9275n,674.8193248,640.5452471,649.2084011,892.8885369,837.6658683,1001.846522
0.75_239.0122m/z,199.8437938,192.5605082,210.7098202,105.8032951,176.1593312,76.34479944
0.75_241.0112m/z,56.40243328,76.21334389,53.95408401,34.32638297,602.1451087,6.795843025
0.75_250.0495n,119.7034502,143.0055697,142.9506314,54.04785989,109.3418793,39.06753533
0.75_256.9901m/z,116.5230332,284.3078057,34.71563579,20.50271549,1481.479497,67.57103232
0.75_291.0829m/z,7043.455578,5247.100214,12847.11321,4102.544168,4812.930095,8619.672029
0.75_425.0795m/z,272.7994139,351.9529884,377.9747883,45.46842177,20.27732868,49.29824045
0.77_132.0303m/z,848.4611483,975.938212,951.5129142,394.3842694,975.5241543,848.4927796
0.77_135.0300m/z,359.8075364,367.3007583,445.2705603,131.33078,337.2163143,254.9107961
0.77_146.0460m/z,1112.850818,1514.438347,1181.823028,394.3006172,1519.185729,565.8303874
0.77_165.0401m/z,446.8426246,451.0906993,245.5131206,135.1313803,351.5723747,140.6846412
0.77_171.0060m/z,162.047536,211.6599195,109.3849043,28.64237433,456.8972545,11.05497535
0.77_195.0507m/z,168.6920883,196.0976566,207.2728922,152.5299697,578.1552693,184.1853875
0.77_197.9693m/z,173.2381645,169.6386897,185.5108051,72.1003348,62.3623067,89.38393055
0.77_203.0660m/z,152.8570259,191.4503538,157.0444299,97.11522195,174.2469944,54.28435491
0.77_217.0791m/z,201.5243044,209.4015808,158.6732219,81.17889002,191.5242943,60.69014102
0.77_233.0769m/z,167.9478128,254.5198429,231.1681485,61.02293422,117.1919714,91.73071658
0.77_245.0428m/z,363.6431443,425.4385059,416.1747136,90.08049928,109.5388973,34.30487516
0.77_257.0770m/z,131.5619492,165.3630846,115.8019715,23.17821282,234.5680291,36.61309847
0.77_273.0392m/z,384.3498324,411.6761849,419.8193483,32.34945684,48.95026503,67.86941337
0.77_306.0786m/z,226.1871794,247.5432409,252.2366161,294.9870172,233.9769798,410.6544797
0.77_309.1037n,94.37743555,92.24884901,91.32017079,46.82202022,266.621242,42.86261992
0.77_324.0925m/z,502.9046641,522.6819298,550.3009815,841.382014,1364.59083,1323.308032
0.77_333.0582m/z,1970.101685,2501.434955,1953.390021,185.6639488,266.251287,155.1325944
0.77_343.0902m/z,225.1313691,234.923919,303.6958456,14.57107731,22.20421339,17.15307918
0.77_78.9587m/z,1123.199603,1142.833669,1124.143658,691.7976399,1013.86167,847.7263999
0.79_1026.2642m/z,1685.011497,1868.349253,1535.319409,934.022256,1277.286623,1621.323771
0.79_1028.2537m/z,1899.379373,2102.334145,1712.85671,892.0227568,1366.018264,1799.918455
0.79_676.5089m/z,1887.843835,2086.180028,1647.031379,787.3351752,1312.531492,1664.804016
0.79_792.4266m/z,2305.740937,2546.426542,1958.17724,928.7521337,1566.350146,2012.730551
0.79_823.4010m/z,1983.810305,2213.557108,1701.554775,786.2532396,1359.945723,1770.216509
0.80_1040.3018m/z,385.5605236,424.7191561,383.8201115,294.9792788,332.1815952,365.4831909
0.80_474.7129m/z,223.174495,239.7250309,211.2759566,251.4738919,210.9758569,220.6832184
0.80_492.6803m/z,432.4811127,459.6083296,420.6127328,365.1753627,405.0564741,433.9385912
0.80_664.5554m/z,588.4831069,621.1190171,596.008516,332.7006003,518.6091542,590.5995621
0.80_778.4698m/z,676.9024555,709.5426607,649.6489653,383.649646,559.593359,644.5570747
0.80_782.4696m/z,713.9782111,750.4795221,663.1443305,316.5232157,561.6500828,650.8363761
0.80_842.4251m/z,1538.793403,1704.76824,1296.040093,838.080307,1126.563044,1314.160244
0.80_848.4032m/z,584.2452408,648.3222057,476.2106771,224.1506955,415.6081008,474.3264303
0.80_92.9280m/z,896.9149527,940.0920923,810.0482814,651.507857,747.0852453,816.8069174
0.82_198.8923m/z,703.1884365,715.00029,699.2375259,608.5173405,647.9650076,700.095837
0.82_222.9191m/z,340.2934611,344.3353958,350.2655304,375.1933914,355.2388782,363.3242048
0.82_248.9084m/z,220.3416504,246.5145053,242.8080116,226.5391047,231.4704292,221.0902862
0.82_352.8621m/z,1490.646655,1533.619014,1444.192911,1292.577087,1350.807931,1510.48834
0.82_354.8735m/z,1042.389233,1046.144823,1009.905705,1054.361288,1052.67333,1112.006591
0.82_411.8275n,492.8568947,484.4389337,495.2486807,425.0455145,477.696623,519.6275383
0.82_421.7799n,299.5021284,318.0221308,259.9440563,230.330046,241.041775,273.9902153
0.82_913.1676m/z,152.0745574,145.8962855,170.5864559,192.0450154,153.9026368,167.9545306
0.82_923.1711m/z,247.6274372,261.2692957,253.2993332,320.1996525,256.5895889,283.2838826
0.82_945.1781m/z,204.464694,207.8126312,202.5256427,173.4979405,198.7582169,200.6704277
0.84_1060.6407m/z,321.6912998,346.1345692,299.2579393,209.1062883,326.8034234,291.5572723
0.84_1105.6213m/z,725.6974571,797.1170445,637.0189384,477.9179549,656.5349047,616.9670201
0.84_124.0074m/z,561.8940071,438.5264792,789.0929049,379.9602973,872.4157706,688.4881459
0.84_199.0373m/z,36.29168678,123.9695884,341.131569,120.1420852,200.9637142,437.7036604
0.84_204.9689m/z,183.7572923,173.551254,185.3663033,264.3496466,212.9243066,198.7746739
0.84_366.1084m/z,11.84939795,21.01869154,15.67339447,0,791.6730149,4.134557128
0.84_367.1047m/z,38.97774265,51.10280171,67.16403924,0.668767293,4502.305917,5.867039998
0.84_432.8525m/z,122.7035768,122.5871857,122.9526053,113.7151967,148.3964696,122.993852
0.84_649.7726m/z,220.4198053,210.8889009,215.3530895,177.6419819,313.3768537,213.0748865
0.84_671.7731m/z,191.0829538,190.0485869,188.8217681,202.5291164,199.8973136,190.9356428
0.84_822.2234m/z,183.1967687,200.3418395,165.6629899,92.72325021,139.6613674,148.8283517
0.84_883.1922m/z,523.1541083,518.8961911,508.9950543,508.7381409,504.7328952,505.7538895
0.84_901.2032m/z,213.2004335,231.1329026,175.6096024,151.9230485,165.8845866,180.4180485
0.84_908.1898m/z,306.2225377,310.1822104,279.3865413,292.7346476,307.0552203,275.416521
0.84_928.1850m/z,239.3703689,243.2018664,211.9678968,217.3042334,220.1698237,220.0503104
0.84_972.1813m/z,597.6424104,590.5002379,634.987656,633.6581646,627.0989531,621.2620539
0.87_145.0982m/z,441.5540977,649.9250374,466.8147023,23.1847638,196.3103295,41.39264225
0.87_151.0259m/z,305.59155,707.2892516,358.9134209,217.2398034,966.8134644,164.3957576
0.87_190.9548m/z,1089.353883,1177.24985,1147.392745,1228.11744,1176.734498,1117.682375
0.87_202.9524m/z,824.7937573,792.0283169,788.5357246,964.8794789,902.7531352,943.2067644
0.87_218.9496m/z,97.21484899,111.9907402,111.6622585,121.4842308,125.9508778,104.7202054
0.87_230.9434m/z,800.1548117,830.6346248,811.2218533,913.2412029,871.4424639,851.3142463
0.87_324.9132m/z,148.5891442,167.9075376,155.7246394,156.3739277,174.5062874,143.5833573
0.87_362.8902m/z,1366.383829,1471.682535,1448.923594,1499.025374,1461.800942,1382.692305
0.87_402.8806m/z,2923.19173,3040.22596,2989.955295,3266.248567,3086.342986,3004.930897
0.87_529.1581m/z,43.82487965,54.32435167,42.33361349,0.568724086,3776.345737,5.872994937
0.87_554.8142m/z,223.7291411,176.9158641,243.7701963,225.3894753,297.589426,252.3885786
0.87_613.2979m/z,892.6355929,893.5060842,877.8410808,1074.912001,823.6188869,996.8105052
0.87_653.2904m/z,353.2697315,332.6361407,380.777283,570.5214826,403.6279069,437.9309458
0.87_665.7787m/z,4847.577979,4712.62907,4716.974861,5715.951793,4341.570251,5280.050565
0.87_702.0958m/z,134.5059954,106.7846679,155.1799867,150.0980577,158.4245582,166.270751
0.87_719.2621m/z,906.1978815,887.0848505,892.5855328,1055.56545,847.9730917,971.1006082
0.87_808.4111n,320.149832,266.5673742,371.3108695,395.1739701,408.8750404,406.5007349
0.87_825.2255m/z,816.834754,815.0184196,782.1962799,902.9242756,779.1877499,842.6628622
0.87_919.3535m/z,100.4043848,82.21472307,111.3232533,101.2171454,119.6502239,122.8190943
0.87_951.1853m/z,890.6947025,923.8308861,854.5426734,901.1210403,849.9274493,901.2367214
0.88_221.0662m/z,42.36636772,47.56226377,32.25499276,12.58541614,1075.113499,18.5865422
0.88_242.9448m/z,164.1075515,150.9311556,147.573655,207.026511,198.4141283,208.0398586
0.88_243.0502m/z,53.07941675,75.39238876,62.12521171,6.46665446,555.8651839,16.40343476
0.88_268.9241m/z,9314.750449,9230.068187,9145.201344,9937.744888,9336.8858,9779.821261
0.88_335.8977m/z,1940.782389,1891.727952,1867.49531,2217.221217,2045.823121,2071.473938
0.88_414.8792m/z,284.6309434,274.3167018,268.3900987,343.5711678,328.7891985,337.007226
0.88_456.8345m/z,388.2088169,330.4081121,475.4859027,391.6328359,595.3227611,446.446054
0.88_499.1464m/z,0,2.116843369,0.900171916,0,693.4069302,0
0.88_691.2182m/z,29.96328201,27.5432669,22.97305933,24.5605888,872.245492,29.29601719
0.90_131.0827m/z,242.3223091,356.913309,265.0292067,21.96712299,126.0547554,41.97511645
0.90_173.1039m/z,879.2026323,1395.374512,995.3961963,43.40383588,98.19938328,38.26919514
0.92_178.0593m/z,277.7746289,441.9681026,304.2580451,8.703702875,29.76871922,11.22785976
0.92_407.0139m/z,180.4979718,302.5375561,192.5043607,0,8.597162101,0.686808288
0.92_447.0065m/z,196.2761989,330.631111,204.4162046,1.349675497,13.1227543,10.50102236
0.93_301.0498m/z,208.9230148,331.5908508,224.8568837,3.714961585,34.1430089,11.79799418
0.95_135.0313m/z,531.7010964,658.0061612,560.8973963,108.3666919,1000.938112,120.2977507
0.95_154.0620m/z,980.8309744,1412.623235,1004.092968,110.0147434,694.4980744,231.3136376
0.95_157.0131m/z,98.94623749,132.9760278,103.4887297,18.90509559,299.470659,21.84154191
0.95_341.1080m/z,832.8775506,685.1041199,635.646356,290.2169403,2480.298303,420.5265861
0.95_363.0899m/z,140.7020581,116.5298189,86.73187532,27.87727873,462.6471499,69.95815541
0.95_377.0847m/z,1171.865222,1083.612885,850.5005974,511.7350411,4696.046445,977.6254485
0.95_379.0824m/z,437.5468135,419.4739702,325.8156278,178.1445834,1695.463467,344.1472454
0.95_404.1025m/z,66.87580087,64.03432239,42.16278474,3.924957245,568.6258535,4.17523702
0.97_567.1538m/z,2.52234904,10.71690877,9.488321938,0,688.3433377,0
0.99_545.1713m/z,28.83990486,45.66909086,33.25344724,0,998.4059105,0
0.99_701.1907m/z,0,0,0,0,695.8532308,0
1.03_194.9517m/z,352.8735517,338.6359072,339.4346422,374.4551725,348.9172194,371.1502722
1.05_187.1006m/z,208.1938085,254.7781687,184.5607293,83.59268178,303.7073786,77.85633565
1.07_346.0550m/z,200.8710121,360.0269849,197.0410186,17.77998352,33.94493919,26.08220515
1.07_707.2234m/z,0.900868734,4.269388823,0,0,734.1189027,0
1.10_244.0680n,150.2479712,422.9367484,157.6613242,66.45746647,604.1068261,74.86249205
1.15_137.0357m/z,383.9789757,376.8914323,232.5103231,113.0436564,753.5781614,468.6672181
1.15_180.0664m/z,337.2149369,696.5047632,314.1437948,38.46783817,477.1607798,54.5403192
1.36_186.1135m/z,110.078311,120.0541147,69.62230307,96.40593738,170.1922204,81.90266591
1.47_135.0313m/z,639.8871138,1089.417764,633.3895984,183.1534923,35.35450918,155.5714604
1.47_267.0729m/z,1950.743265,3431.232378,2133.666537,490.7915344,31.80948866,532.7430776
1.47_289.0548m/z,305.1241686,507.3276389,274.7054985,86.65434955,1.764032013,69.1921626
1.61_282.0836m/z,308.561531,769.3285633,210.9905243,114.9801272,22.15244808,118.7735587
1.63_406.9011m/z,2786.152494,2554.605563,3046.509698,3099.751453,2731.599492,3061.147922
1.67_251.0778m/z,356.1752844,665.5261839,361.8868947,0.347455343,282.8600487,0
1.80_378.1332m/z,581.0116234,617.1322153,858.8044231,0.209963417,0.070023049,4.451239203
1.86_130.0873m/z,575.9766181,1141.844966,585.0451921,84.6507984,471.0544143,100.4116383
1.95_180.0651m/z,159.6729399,115.5555989,91.3122755,99.39111965,196.7818846,88.03954013
1.96_202.1194n,276.2806705,434.2347631,242.4201043,186.9045953,432.8899266,138.6552333
1.96_339.1251m/z,160.3339953,210.6503392,210.347533,139.67059,243.7511189,199.175228
1.96_341.1124m/z,1137.552824,1267.610479,1123.516748,999.8328657,1294.967972,955.185205
1.96_349.1799m/z,1034.637902,1341.267754,977.0880184,792.588028,1608.273317,719.5367431
1.96_351.1455m/z,170.9861939,228.2741348,159.4750823,143.5029564,276.6559394,115.653912
1.96_353.1392m/z,116.5266794,133.480194,109.9898399,105.4161969,194.3983075,100.5093322
1.96_365.1780m/z,202.5009585,252.192608,209.5187639,143.1628267,224.7517424,138.45684
1.96_379.1772m/z,749.4767259,1063.564681,690.0333306,454.3527102,1012.011226,401.7029514
1.96_395.1678m/z,436.1238549,667.09588,405.9960947,262.4304556,833.0884074,237.9815399
1.96_447.1572m/z,292.6291487,371.2104078,427.4224658,40.31593538,85.10649328,56.27348568
1.96_539.2660m/z,117.5463673,284.0293185,137.8052039,44.43822137,105.9403067,38.38738762
1.96_607.2619m/z,354.8787631,747.8278021,383.0011623,137.1850911,1224.405086,80.94111843
1.96_612.2778m/z,768.6220307,1762.752161,740.297282,136.012093,782.5983528,98.19077626
1.96_626.2852m/z,514.0522062,1221.022746,556.3046502,94.62369666,516.0876325,72.17854892
1.96_672.3120m/z,425.0059965,862.1330137,400.8742556,98.67950184,671.8597712,72.72409572
1.96_696.2890m/z,1380.390332,3400.038505,1423.229713,223.0731457,2101.484381,158.9471972
1.96_841.3400m/z,175.0597674,411.4792134,163.3823474,44.42607299,221.6290126,35.84384163
1.96_890.3713m/z,210.6864113,680.0371137,198.5171607,32.97255323,251.0589077,28.28097542
1.96_938.3715m/z,91.03845235,283.4342838,71.76476257,35.32671092,167.6321203,34.72203575
1.98_245.1069m/z,257.87679,267.0330959,231.3924149,227.3177475,313.3755968,212.1371714
1.98_283.1125m/z,241.1368298,270.7161238,234.7546417,218.6589952,329.5152635,210.6210056
1.98_314.1451m/z,998.9245902,1397.331648,978.1115122,678.8376858,1290.780695,632.7188175
1.98_326.1196m/z,113.9829233,143.4706736,111.2496579,91.42004206,162.9037468,78.39928479
1.98_347.1653m/z,773.8126553,957.3170957,729.1211307,556.560899,1119.793983,553.9364959
1.98_360.1742m/z,226.1336523,329.7620262,205.6492072,126.3112313,275.1828746,111.1135008
1.98_363.1648m/z,325.296495,391.0235671,303.4303936,271.6910888,439.511864,235.7322228
1.98_411.1634m/z,286.535562,477.5184578,273.2870556,179.0790666,404.1487039,142.7380276
1.98_419.1991m/z,540.5855849,709.5142931,521.9371763,387.6275565,709.9877062,340.6981919
1.98_445.2204m/z,1159.05976,1815.931818,1169.71643,725.274292,1947.275965,811.8395455
1.98_509.2316m/z,1247.145813,2370.829184,1237.038303,459.7656022,1611.125834,402.531853
1.98_524.2334m/z,947.0902663,1930.877228,937.436926,334.3029665,1269.042291,277.8164728
1.98_572.2673m/z,413.4490865,812.776427,399.2883264,138.5994773,478.8794253,117.9149566
1.98_582.2438m/z,442.0134312,751.4619512,414.0539148,136.1369857,562.9632938,121.3728845
1.98_605.2685m/z,139.7929389,244.9517373,135.5639598,58.11760107,189.161079,48.79744548
1.98_609.2494m/z,556.7050865,1108.125266,545.7216161,164.6339748,1444.113375,122.9858084
1.98_629.3071m/z,1262.875141,2822.524672,1290.581404,255.502964,1879.486954,207.2426256
1.98_678.2924m/z,714.2760807,1764.281255,709.6438232,135.7048546,1086.207942,107.9000984
1.98_683.3054m/z,1364.454033,3288.394599,1324.775436,220.850626,2213.02334,188.155818
1.98_803.3582m/z,395.9572146,1109.331183,387.3800648,55.88759083,736.0222655,40.05107626
1.98_859.3580m/z,129.3287149,369.3401529,121.8833979,26.0328299,201.5881831,21.27158352
2.00_227.1026m/z,455.3538776,450.1691627,404.5376312,299.2059541,638.7249698,382.9750665
2.00_304.1451m/z,205.5133368,251.4769677,198.9392723,153.0420125,289.3783356,127.1735987
2.00_355.1642m/z,997.590461,1644.941386,965.22275,633.1372724,1411.495973,583.5502987
2.00_361.1688m/z,343.6925823,440.9669816,324.3914606,224.3334674,586.6464127,211.8505495
2.00_367.1920m/z,68.73865837,84.45276576,139.651644,53.24692149,124.3284377,136.4661339
2.00_423.2094m/z,594.3677288,862.5118348,574.890422,407.2420117,836.680254,355.7079531
2.00_478.2047m/z,599.6158853,922.1401235,540.9186184,309.2038793,833.2283699,283.5198347
2.00_562.2472m/z,423.451235,822.9609051,424.011059,138.742893,750.7084639,132.8050751
2.00_576.2561m/z,536.5141555,958.8824843,491.3012774,235.315039,871.6153983,198.4103428
2.03_190.0539m/z,129.8957247,200.762147,113.1304475,74.64685921,99.50007759,57.99566859
2.03_263.1075m/z,130.7764465,140.7946203,146.4738273,246.666341,321.8354945,206.254208
2.03_273.0654m/z,101.5656261,102.8160873,81.64326159,81.16992343,353.8864761,73.96377202
2.03_302.1032m/z,229.6822025,344.8799266,281.2988772,79.72255524,352.2575202,101.6743405
2.03_458.2236m/z,1012.511327,1810.009415,1040.976786,434.5095571,1216.334629,400.6991686
2.03_657.3209m/z,980.6827922,2372.357938,995.4757833,189.8999668,1914.859128,153.1258466
2.03_711.3233m/z,307.7735624,802.3247656,315.5918787,49.88592371,413.5618116,41.67500147
2.03_893.3985m/z,372.2568493,1094.151036,326.0931117,57.23694231,532.8237253,42.2736925
2.04_186.1133m/z,316.285786,386.6835324,335.3264849,260.5602898,508.3130602,251.8210941
2.04_241.0928m/z,123.3328475,170.3325826,129.6107565,56.62017482,93.11914441,51.97560615
2.04_255.1705m/z,8.224709746,13.79976854,1481.015616,12.86168084,14.48644162,1675.960502
2.04_300.1484m/z,145.7508946,186.0416568,135.3780364,106.8607212,201.4250275,97.15222444
2.04_333.1611m/z,844.8805566,1006.141649,846.7948717,692.4869212,1066.727924,672.623752
2.04_365.1513m/z,1018.649885,1373.339629,918.4065207,798.3501586,2136.005884,787.0458558
2.04_401.1940m/z,382.0140109,641.140629,368.0331587,195.264066,475.7106765,183.0174631
2.04_751.3436m/z,328.1322342,770.1161912,308.6452885,61.42738839,685.6422726,48.75808818
2.04_985.4409m/z,120.1795935,360.4243004,96.37559505,3.620594214,98.62865471,3.514645458
2.06_224.1036n,1572.813622,1796.202054,1408.238519,1496.172381,2241.537191,1224.964707
2.06_286.1496m/z,308.545043,375.4359567,296.1696239,273.123324,424.3733788,225.530723
2.06_291.1425m/z,612.6738378,771.8766173,636.2740142,500.7036082,723.0949983,458.1939674
2.06_329.0944m/z,119.954011,103.427417,113.5799136,133.4454136,298.9019437,108.9068262
2.06_357.0805m/z,138.2942147,138.8607359,137.4485927,153.6616163,324.3700133,120.0813262
2.06_386.1885m/z,294.7731812,557.2727148,267.9820306,167.0426751,343.4270334,121.3581712
2.06_435.2040m/z,419.6207784,668.1834535,420.6094474,240.3176128,634.6453918,205.6799529
2.06_660.3025m/z,581.0826815,1170.264054,567.7583612,177.1343475,928.222174,127.9462913
2.08_265.0861m/z,1232.47512,1340.870527,998.5876561,3520.089386,1067.725312,1167.680435
2.08_269.1356m/z,217.6114402,246.3952865,213.2778309,186.2957314,298.1305283,208.1498322
2.08_593.2561m/z,475.8002077,912.196273,425.5799399,162.4180244,798.3910581,140.0491917
2.08_784.1490m/z,281.4088493,326.2397804,368.2060486,223.230767,2.243286133,233.6044592
2.09_157.0868m/z,106.804373,106.6235996,102.377214,97.93557732,140.2758706,90.27056755
2.09_215.0940m/z,116.6549102,111.4705242,101.6700425,110.2748089,150.8840026,109.8535964
2.09_247.1118m/z,143.4805896,158.4340345,82.42380574,83.89478917,151.3305008,71.61350306
2.09_317.0906m/z,101.0553325,97.89570978,91.37621182,65.06041302,349.2854054,66.32747145
2.11_279.1012m/z,1158.983403,1294.823971,867.4523108,1656.706745,905.5531414,798.5613026
2.11_307.1285m/z,827.2696591,972.6474294,772.5368703,583.1265558,925.3119026,479.4757144
2.11_372.1906m/z,461.8279399,900.1399852,474.2207865,212.4825422,501.3012064,205.7520233
2.11_565.2482m/z,800.2551715,1332.609264,699.7477372,266.8534615,836.068765,195.2649312
2.13_199.0067m/z,269.9871104,227.4500965,279.6322582,251.3344414,375.9765543,286.904929
2.13_229.1312m/z,160.9366172,162.0534017,138.2893884,122.0177282,189.1653308,109.1797511
2.13_242.1214n,1184.091429,1260.29903,1092.571448,982.1911619,1518.939823,920.6629481
2.13_257.1323m/z,599.1258083,799.4599751,606.819953,412.1675016,719.6915713,393.0252484
2.13_289.1290m/z,457.871586,494.4801791,399.2655957,399.6323386,532.9443033,342.2192071
2.13_390.1819m/z,422.2047237,657.5056582,412.2435619,341.9643863,676.758893,272.01329
2.13_720.3332m/z,1222.948201,2794.612706,1220.106604,253.9196628,2053.796242,218.911315
2.15_164.0717m/z,549.2047971,1052.324101,544.3112253,164.8629175,667.9380521,177.2144869
2.15_352.1997n,1731.764758,2838.093745,1693.610289,1121.619645,2401.728601,1078.31822
2.15_547.2567m/z,784.8125444,1471.645592,774.9904362,254.358067,1236.590254,232.8406117
2.15_573.2851m/z,861.2035568,1729.465143,854.9329641,240.3604378,1544.06414,201.5892379
2.16_201.1166m/z,230.5613763,275.2703144,221.1066315,166.4119929,347.5082132,153.9774812
2.16_234.0803m/z,388.0268852,471.9326885,1061.57762,134.6311017,319.5026552,845.6586425
2.16_361.1437m/z,452.4835317,577.5728331,435.6811817,322.2567899,914.4074921,295.163709
2.16_486.2380m/z,814.4827007,1621.53058,799.2966285,306.5732391,1292.674351,262.0895413
2.16_635.2806m/z,1040.491448,2186.926112,1027.342385,239.5455864,1969.2942,182.1674182
2.19_243.1230m/z,509.918282,591.09265,499.5799549,411.1951846,735.5729388,368.1496112
2.19_317.1581m/z,1718.527329,2140.18069,1693.919264,1293.813366,2101.067431,1221.178296
2.19_664.3013m/z,137.1863111,257.1276316,132.7895265,50.39744545,186.4538992,45.25404023
2.21_204.1238m/z,832.9316396,846.7770388,845.7913095,848.8873102,891.3727425,802.8565497
2.21_212.1076m/z,165.049875,192.1418228,154.65491,140.8845435,217.0303382,129.8785229
2.21_250.1048m/z,879.0020357,1011.730914,1043.06465,676.5112674,865.6344382,904.173284
2.21_271.1222m/z,781.3149094,888.3476611,619.4647734,489.5102874,817.8344958,447.3826713
2.23_245.1368m/z,205.9890924,213.8918381,201.2977341,202.5122473,221.4119012,178.7405904
2.23_755.3470m/z,169.2141011,448.2500291,182.6539203,18.09632365,250.2169905,12.79825848
2.24_203.0826m/z,215.6893139,410.085519,195.1208018,67.3820304,224.9207242,71.97702676
2.24_221.0889m/z,515.0146676,873.575781,569.8441224,271.1721591,552.3863369,237.5954726
2.24_254.1141m/z,312.9077482,1018.127642,316.9420955,497.8984835,1079.649249,296.6188954
2.24_275.1060m/z,238.1837321,275.3040703,210.5865181,198.7500409,310.1568682,173.5906625
2.24_301.1565m/z,1446.93949,1934.032372,1425.074351,1057.512064,1771.321443,957.472459
2.24_515.2490m/z,1075.737259,2140.279469,1101.509145,399.8501402,1450.538174,346.7531889
2.26_1019.4649m/z,120.8922058,661.5965726,127.4083827,2.006347656,122.7126974,1.367197673
2.26_250.0755m/z,370.6673766,400.4520317,386.0050319,123.2551959,339.5085016,478.7783637
2.26_325.1639m/z,1151.344863,1286.976856,1137.913387,1039.502897,1291.713629,1024.150337
2.26_353.0483m/z,577.0612133,611.7711155,536.7960315,191.0336023,176.6726493,141.6349329
2.26_411.2152m/z,127.545938,463.0137213,135.7713832,42.30970569,113.2041393,30.57864166
2.26_602.3374m/z,128.4200134,261.4839561,132.956476,11.2540517,63.99858025,3.082021087
2.26_827.3883m/z,106.6457822,379.4120919,104.1135457,0.471791585,113.7678226,1.443603516
2.26_859.4082m/z,126.1454735,437.1456842,160.6785374,7.125956237,133.5470897,3.681935628
2.28_1057.5063m/z,85.64286924,412.9967025,97.0356388,0.496907552,37.73124118,0.963195801
2.28_137.0266m/z,121.5630612,117.2277644,122.5516731,124.270721,132.2355659,121.0400064
2.28_171.1025m/z,435.095149,447.8243352,431.5244448,425.2947206,496.6708865,410.7245587
2.28_227.1301m/z,284.563371,360.2742655,281.0045296,209.0507903,342.4302691,188.2427756
2.28_449.1890m/z,964.5613753,1569.750093,930.8600097,487.9817978,1708.272147,427.8731453
2.28_471.2352m/z,725.542329,1418.212498,716.734418,300.1289186,981.7444012,274.9373607
2.28_512.2674m/z,420.8817064,1007.370765,431.9851642,99.29114724,386.9378541,89.61494077
2.29_171.0117m/z,133.7273989,154.799957,142.1885575,138.6283547,213.9073235,168.2919739
2.29_273.0623m/z,162.4455528,246.9989485,298.0624664,193.201582,601.1039258,179.4428288
2.29_491.2223m/z,444.9320596,740.33357,454.8246448,200.3638975,949.3185234,177.3939922
2.31_196.0107m/z,643.6859327,255.3865823,36.74245615,102.3193851,549.3542765,26.29221488
2.31_417.2067m/z,607.1450223,991.0601904,607.6702417,322.7203829,826.7933225,309.4895586
2.31_585.2976m/z,176.1444312,410.5228303,199.4446963,32.65440873,597.1759247,32.89757193
2.33_493.2297m/z,370.255819,558.7614373,365.1838052,248.3497513,797.4909179,252.0219965
2.36_1111.5287m/z,71.33703611,550.6382287,87.57321689,1.997233073,27.13189692,0.968424479
2.36_315.1733m/z,268.9391965,349.7000557,245.4869987,213.2365927,377.9718013,216.2274615
2.36_353.1665m/z,149.8019955,188.7930491,132.7225811,115.4454974,305.3609255,109.0352242
2.36_537.2266m/z,164.9368574,314.9111299,150.2482115,78.84296288,515.8274926,70.03373158
2.36_559.2723m/z,806.3538939,1536.027417,821.7116748,305.1368437,1043.90039,264.4309032
2.38_331.1684m/z,1038.383151,1397.5857,1059.236954,776.2248029,1585.106187,796.8829126
2.38_393.1933m/z,755.0206776,1226.094759,723.3239818,432.0640452,899.6462923,380.0270079
2.38_501.2455m/z,623.2238014,1252.2029,625.2044997,216.3515234,917.0245554,197.4135874
2.38_554.1796m/z,174.2577222,204.4121469,274.3117974,4.7096195,17.88042227,37.8924633
2.38_619.2928m/z,475.555337,1332.66284,531.6102375,158.2671284,1070.510161,101.0866988
2.38_730.3905m/z,154.3619869,457.2117696,165.3903921,15.48387161,190.2205114,15.13102213
2.39_239.0834m/z,287.6541024,273.1230614,134.7846572,127.0004405,149.028552,117.1328302
2.39_254.1142m/z,69.8110901,172.950501,62.2722184,93.06259186,224.1281126,42.48047249
2.39_267.1231m/z,476.0833467,522.9133211,398.8571406,480.5910359,614.6659615,373.5868217
2.39_535.2518m/z,78.24874341,161.7324501,80.36730607,30.61713177,245.4137354,34.12921279
2.39_822.4005n,570.3011586,1015.870519,600.813802,405.9489109,858.9585919,377.3824748
2.41_142.0994n,953.9620071,940.2772177,921.8349481,964.614839,970.0873703,937.5579192
2.41_151.0400m/z,349.4144688,324.1819606,319.1934577,329.679423,425.835215,322.0569355
2.41_188.1406n,91.16745614,92.42949709,78.09584814,87.54531978,172.1651148,80.97789594
2.41_229.1489m/z,152.956361,226.2445399,163.0841376,118.412993,348.3369951,108.5314554
2.41_394.1298m/z,175.2283125,407.4861925,144.6601332,27.75380314,77.82913381,32.2983078
2.41_433.2394m/z,621.1776107,815.8323478,631.0890447,369.3483104,638.8247924,364.348975
2.41_581.2500m/z,95.42252518,163.4143444,87.1486512,48.0004659,368.3031913,52.28038679
2.41_647.3343m/z,130.4558478,311.285581,170.4914529,59.00721067,275.9372198,81.53203488
2.43_318.1583m/z,628.6197974,738.2863205,482.3458689,562.5521366,861.7080837,432.8421086
2.43_576.2795m/z,231.3304867,460.7856782,313.3508771,114.1249522,532.0696842,130.6007604
2.43_625.2776m/z,77.98991923,166.6746012,70.83238977,42.81838263,380.3800485,38.25410618
2.43_879.4184m/z,88.41730472,374.8494272,108.2550406,3.947687056,107.120844,6.817152926
2.44_273.0580m/z,214.0310665,418.8038508,241.3974451,303.514197,646.9630935,165.7225317
2.44_451.2483m/z,228.6772727,337.8915965,209.3121414,139.7142807,309.2504329,138.5376033
2.46_185.0275m/z,141.0957119,258.9355103,113.041888,109.6806854,2106.678139,107.970153
2.46_185.1176m/z,100.3850978,108.7092735,95.07651264,103.8345931,135.9371373,96.17875857
2.46_305.1841m/z,340.0091768,351.5472003,310.8012931,353.7283186,420.0237814,307.5073217
2.48_143.1076m/z,161.7691981,173.0374944,159.5011308,169.8402057,190.16735,156.5984922
2.48_257.1384m/z,121.0338117,142.5661896,100.0592121,115.5140931,176.3858676,97.50825717
2.48_369.1931m/z,179.8641122,238.7349411,143.5191522,138.5437025,232.4925517,127.8364986
2.50_207.1385m/z,374.1694437,385.2448446,335.8661211,354.5628071,315.1724939,355.682707
2.50_217.0422m/z,756.5566693,741.0476381,796.9937181,892.9030445,704.1752586,778.5438421
2.50_224.1652m/z,2444.60407,2283.692995,2455.10481,2545.002661,2279.659054,2534.624623
2.50_333.1611m/z,913.5198299,1076.60501,888.2297817,768.331651,1235.240981,759.1183771
2.52_757.3581m/z,103.3654546,286.768199,114.0060912,39.14807637,281.4295482,29.00803568
2.54_179.0700m/z,261.6208358,271.316783,256.3290871,259.4878342,285.3804937,251.5771756
2.54_285.1626m/z,246.6363907,347.4990548,218.7875291,195.2264736,287.1541068,186.104762
2.56_281.1257m/z,686.6202506,848.571748,632.6383257,459.0215759,679.5446855,515.935928
2.56_457.2535m/z,166.2495386,211.8773014,138.0231692,127.3544379,196.1027186,112.8796425
2.58_207.0119m/z,330.8607996,242.6805098,290.7625749,207.3498573,349.5070838,203.2480691
2.58_213.1488m/z,200.9600419,205.7127883,185.2896867,220.5910533,266.3583537,197.4092321
2.58_584.2281m/z,344.9213278,397.0053619,1413.087548,53.40399673,49.2772984,780.7108853
2.59_187.0069m/z,334.2169411,346.9955301,447.1470678,213.4805831,632.1683697,333.2624873
2.59_347.1685m/z,287.4703776,335.9726252,255.825566,261.4673376,544.8747153,211.4048411
2.59_424.1424m/z,335.8438872,530.3619225,436.3341197,153.2058783,599.358293,166.7110565
2.59_456.2034m/z,671.1026956,825.2606626,323.610778,605.5794313,790.2137578,251.3435684
2.61_285.1274m/z,341.8015013,371.6219063,302.9132099,315.4663699,363.3980614,289.3331633
2.61_465.2278m/z,393.3609684,541.7223858,161.3296853,462.9581038,668.8516716,143.2118413
2.63_221.0814m/z,204.8192805,205.0608902,189.0406972,193.3007708,251.8446102,189.6633789
2.63_369.2258m/z,52.14813804,62.45918121,57.50732906,479.1234638,797.4750631,247.8544902
2.63_391.1980m/z,516.5579539,596.2195582,511.0083193,499.7269105,703.8431521,503.2815659
2.64_301.1389m/z,399.3605166,431.4681022,297.0059049,372.8654028,475.1634193,274.7655925
2.64_394.1296m/z,277.2074785,567.5944105,211.6933974,23.66123513,86.9377371,46.89685612
2.66_279.1073m/z,332.9316542,326.432406,379.31848,181.6490251,229.2777442,306.096562
2.66_299.1778m/z,278.3756678,305.0929768,218.2007548,240.6091901,367.1936446,207.8569022
2.69_143.1078m/z,470.7273813,855.5661907,427.9780034,527.8232596,758.6383835,485.8460775
2.69_216.1718n,140.0628098,159.0229077,163.8303768,129.8507007,200.1916875,127.6243601
2.69_316.8891m/z,239.5229912,213.8792698,226.6771912,270.2914458,238.3894585,261.4425573
2.69_345.2093m/z,76.22765105,86.7912155,75.19163536,65.15588783,1130.444664,66.88015668
2.71_154.0629m/z,105.9368281,111.6426767,91.29061347,103.5939518,114.4772209,99.96850155
2.71_163.0764m/z,2526.839423,2661.118745,2240.448825,2786.94731,3368.495082,2462.036095
2.71_167.1439m/z,133.155947,140.2103891,110.016303,137.8134687,154.1919084,121.9181515
2.71_211.1336m/z,1183.073325,1256.478395,987.7134642,1248.094105,1398.865402,1078.17197
2.71_255.1282m/z,123.7832661,126.5950201,107.3784764,104.8736843,140.4085731,102.6689763
2.71_321.1467m/z,203.0666965,242.2241234,420.0585345,227.020001,269.976733,643.2341818
2.71_323.1782m/z,552.8650339,570.1320663,462.412647,549.5557732,639.057512,485.9053484
2.71_338.1418m/z,374.0836696,438.3466154,326.5754011,306.3774785,582.5142586,278.7948289
2.71_350.1275m/z,460.6541917,374.7567681,376.4463577,615.4521563,1177.405043,417.050901
2.71_383.1940m/z,337.484332,414.8128657,279.237898,365.4125453,595.539442,301.5963396
2.72_351.1838m/z,366.1033195,405.325839,327.402276,344.8141296,612.5904814,295.3833988
2.74_207.1386m/z,149.3787657,150.8610923,139.5118185,157.6218082,162.1337139,138.3258952
2.74_249.0319m/z,180.4357927,242.1237017,149.1906714,141.0961085,593.6693,123.8462384
2.74_257.1404m/z,117.4385634,126.1727786,103.7833539,122.3607393,162.3825961,100.5875033
2.74_297.1249m/z,171.8483208,238.4594216,100.5933396,106.5404407,133.9260667,84.17560927
2.74_466.1513n,1148.340309,1290.857803,195.7874654,1012.314831,1264.640743,251.7704984
2.76_245.0819m/z,258.1034623,217.232955,189.8786526,145.009814,218.4522188,201.7868144
2.76_281.1255m/z,2883.340164,3619.59184,5236.696405,944.0764689,1252.760564,1432.676833
2.76_303.1504m/z,279.0154088,329.6000226,230.0516223,263.0922667,402.5967078,206.0023863
2.78_253.1425m/z,349.2368081,370.5571912,308.7833339,328.5886832,390.5580328,302.8312503
2.78_329.1753m/z,39.12621326,62.46688683,20.18457513,8.812290064,2517.308697,19.98970423
2.79_246.1125m/z,701.2956062,573.0155745,21.37288673,23.69880423,57.23460267,16.28383261
2.79_277.1417m/z,503.477708,516.1859654,275.3624212,270.2446835,401.2378355,226.6688671
2.79_280.1007m/z,672.201782,564.5376153,2.626511205,0.476695775,33.2380797,0.150881542
2.79_547.3005m/z,638.4243239,794.9671454,512.6117339,889.8116597,1071.620474,496.6209571
2.79_612.2608m/z,136.3168732,155.139061,291.8337654,64.79937385,90.10679586,203.4527499
2.81_187.0977m/z,108.3848851,109.8942563,101.8899448,105.8845159,124.9458051,103.2052725
2.81_285.2035m/z,177.3463576,230.6609579,140.4301981,167.0767915,501.1920348,146.1231644
2.81_347.1166m/z,1257.020503,1311.031193,212.8511582,379.829702,410.9394506,226.9404597
2.81_428.1960m/z,280.8818563,318.836147,280.1357645,323.5673826,441.5694593,291.4267742
2.81_511.2681m/z,132.4051328,166.8564985,109.850291,135.3166999,206.3295453,98.80395917
2.83_619.2788m/z,333.7205472,671.1267088,211.42311,674.7609705,857.3662492,234.5890254
2.86_399.2317m/z,676.1151142,744.6350341,630.4251049,698.9762258,882.0583469,578.8608336
2.86_425.1022m/z,107.3500606,113.4888889,96.67191381,100.9198349,107.5573013,109.8316026
2.87_157.1234m/z,2222.242195,2300.703627,2058.853155,2367.888103,2496.148189,2201.664348
2.87_269.1399m/z,635.8332536,684.8751137,501.3354848,648.1552607,783.5306276,486.288792
2.87_345.2082m/z,94.72351513,121.1170389,80.51463274,83.52792223,957.410142,79.15046756
2.87_395.2013m/z,311.8951085,449.3432576,259.4123557,235.4085267,438.7196482,197.2096963
2.89_465.1443m/z,166.5051897,229.6809812,26.92937703,173.2231779,68.11371445,15.9449593
2.91_362.1730m/z,562.361024,675.1897594,387.8407564,518.1895858,943.5336726,368.3037413
2.91_379.2124m/z,405.0995871,487.5037765,338.2359081,399.5299291,635.0404527,310.4840477
2.92_283.1850m/z,132.1572775,160.0610894,102.3957753,133.0966688,179.3027249,95.38151044
2.92_327.1874m/z,784.160486,806.7728945,734.6333125,804.4585804,941.9137518,717.3421779
2.92_447.2312m/z,270.0662704,309.4603096,259.0000958,260.5543791,324.1440072,240.0323261
2.94_193.0891m/z,146.7610759,153.5697935,121.1769171,150.9812572,167.0371172,119.8288041
2.94_407.2776m/z,71.22974871,65.54902274,51.39311051,70.59196959,451.2084347,56.45919314
2.96_267.1160m/z,368.7129294,409.6811869,74.50351138,425.7440972,451.9097457,89.24176915
2.96_299.1409m/z,696.8731959,781.9061358,120.5337623,802.4850901,847.2686383,144.85124
2.96_305.1849m/z,251.643279,275.6482199,245.6135445,241.2467097,278.9133801,226.1876935
2.98_223.1335m/z,1015.566466,1068.301513,945.1329861,1014.012977,1028.468022,909.0095494
2.98_257.1402m/z,161.1719001,168.0427891,152.5966552,172.0417295,197.1063536,149.4530311
2.98_339.1839m/z,294.3607,313.4220267,150.237442,311.6066444,363.3706362,149.9226902
2.98_367.1927m/z,841.5718854,930.8832614,746.9961606,1058.692755,1571.322591,777.7890991
2.98_461.2533m/z,109.5014269,120.1657742,102.4543739,112.0831327,119.9363809,104.3585877
2.98_465.1445m/z,192.649506,222.8638149,30.40911466,213.5383485,42.80886122,21.95868028
2.98_603.2913m/z,222.7531108,362.081256,153.4963025,422.1610032,456.3010845,201.9831018
2.99_209.0686m/z,123.4037318,133.1251631,129.762438,128.5943043,136.4503046,127.6017931
2.99_249.1483m/z,164.0112471,169.6890137,142.9875881,185.7812507,194.3548997,148.4548956
2.99_459.2795m/z,258.8619005,296.6578701,257.2438759,271.9805436,350.6230524,224.3432139
3.02_195.1382m/z,207.9804353,219.5045116,223.348864,212.8371323,252.1454906,204.6468174
3.02_207.1385m/z,480.6558815,494.4258998,408.0026694,542.1946501,570.8918436,375.3210529
3.02_220.1465m/z,764.2459576,742.9198671,815.0498772,847.3774573,823.9871645,714.4106801
3.02_235.1336m/z,293.234912,290.2696502,323.9757984,331.6780437,325.4753823,285.7301624
3.02_235.1798m/z,115.0350818,117.9945377,104.8665712,115.9274157,109.6995862,118.3677498
3.02_239.1284m/z,310.9542456,328.0330172,325.6332833,335.2128254,371.4254871,304.4104743
3.02_253.1442m/z,389.6168673,391.9916993,411.9288689,450.4391432,452.3883762,379.1874517
3.02_293.1751m/z,5465.781295,5331.150105,5359.116216,5936.257938,5825.960702,4779.669546
3.02_347.1598m/z,565.3922881,675.2358985,195.517684,337.6697876,475.1885126,239.2270367
3.02_378.1524m/z,371.3305911,379.9622846,396.6985328,384.3130808,380.3486745,329.917631
3.02_421.0596m/z,2.870867955,0.798497607,1.249001179,2.826809486,1570.823457,0.540181478
3.02_445.2923m/z,105.843479,106.2700477,103.5447903,113.5637613,117.5494259,107.4906827
3.02_515.3100m/z,292.0854725,292.3289724,282.4966762,372.9438651,416.294143,319.9301277
3.02_589.1755m/z,0.52830263,2.343624519,647.5589451,2.657458262,5.099179042,900.2667366
3.04_171.1390m/z,2258.205912,2606.936269,2210.958759,2371.342487,2686.23913,2292.264823
3.04_209.0847m/z,3556.338509,3489.303981,3566.000675,3536.006263,3538.015483,3433.536554
3.04_441.1591m/z,131.6262242,140.8209236,141.8780584,137.7562032,140.5261539,125.1393859
3.06_303.0907m/z,225.411748,229.8023182,212.2108603,230.8362098,243.0872196,213.1241315
3.06_329.1060m/z,515.0493407,511.0990357,29.52973478,284.7810199,275.112631,66.33676092
3.07_252.0729m/z,631.671768,354.3918518,67.06327605,120.2061415,670.4871111,71.82493681
3.07_263.1298m/z,140.8022087,140.2414789,112.9550139,144.1871794,171.8624419,121.2858136
3.07_291.0796m/z,164.8632666,162.7198388,121.1634182,73.65010199,261.5458709,115.8915227
3.07_361.1321m/z,1354.592464,1413.015854,241.5783303,2068.758085,1529.364541,475.162824
3.07_387.2494m/z,108.4886639,115.1688898,97.14476467,121.3853508,148.422888,99.3464168
3.07_394.1376m/z,358.3398667,332.5540996,178.8903455,267.5313794,461.8427115,126.3407332
3.07_93.0347m/z,184.0773461,222.5631337,69.94634717,51.86034608,24.41673706,62.05812233
3.09_309.1702m/z,1390.868331,1491.90207,577.286828,1507.048457,1501.780373,624.6995106
3.09_355.1201m/z,266.5551191,282.1103708,274.6865845,238.1641029,257.6371802,246.5627589
3.09_379.2122m/z,199.5599476,222.2519852,173.3577837,220.3334535,339.2145975,158.1368468
3.09_403.1888m/z,3003.453268,2475.213453,754.9002401,2331.89415,3413.491241,1355.670278
3.11_283.1533m/z,178.1350012,191.6258846,140.8270632,179.6708052,223.4736326,108.060505
3.11_453.3194m/z,100.8005361,93.43369966,97.55088873,107.5717953,98.87370439,112.3585728
3.11_535.2654m/z,150.3133496,149.0364329,138.1221643,215.9894701,293.8479056,180.2589566
3.11_576.2810m/z,104.1122168,138.3488594,89.26363305,231.9507814,296.4061316,90.79417541
3.12_279.1300m/z,495.2390177,548.9718387,410.3853269,435.3496797,623.6462525,366.1643168
3.12_305.0820m/z,501.9357093,514.3098588,455.20005,447.9922644,453.2429473,486.8686848
3.12_422.2267m/z,177.2808208,179.0648776,152.8806179,171.8933785,211.6832994,186.9174141
3.14_257.1751m/z,770.8446905,1926.471669,643.6779718,628.8207446,925.3289142,526.5926975
3.14_311.2218m/z,1686.838063,1786.54936,1450.344004,1890.213098,3204.897226,1697.664807
3.16_298.9420m/z,56.9060926,50.25064294,1209.79521,46.20274935,38.14393055,1580.074669
3.16_385.1915m/z,246.0761679,265.1463726,146.4945436,255.1942239,453.7151586,141.0016015
3.16_391.2836m/z,241.6666534,247.4447368,265.842998,235.8305821,231.4720365,263.0783568
3.19_279.1952m/z,271.2463452,395.9177486,232.0929017,61.40674998,74.1739484,47.18501819
3.19_337.1709m/z,145.9916754,152.4473768,103.2023227,173.9380478,215.0101482,108.9429548
3.19_404.1041m/z,145.3266004,147.6951457,138.6392734,155.8768016,155.7081931,125.5344088
3.20_185.1544m/z,823.2752091,846.6872186,753.5599361,901.1220854,992.1895347,793.7214315
3.20_197.1540m/z,98.76077159,102.8762858,92.23150794,102.0068935,133.1317355,96.52222903
3.22_277.1439m/z,616.9943349,579.8661407,568.3766773,601.226614,707.6340328,565.6349113
3.22_313.1809m/z,61.1250159,61.13102001,55.12716768,54.75199264,308.6530237,59.59042174
3.22_315.1269m/z,328.5600333,353.109641,173.2654172,162.4755295,182.1816617,153.6894941
3.22_352.2067m/z,141.3958711,143.1674088,87.21335147,90.63717449,95.12275923,59.08493751
3.22_467.3346m/z,107.3519324,108.1977427,104.7306296,109.7390566,112.6409277,106.5952458
3.22_479.1606m/z,226.7259001,1180.817933,81.73501603,1105.040598,1479.09219,43.49790193
3.24_285.1255m/z,209.563197,235.8363525,83.54458476,151.5519752,135.044451,117.001968
3.24_367.1188m/z,188.4075813,177.0843517,232.1466496,172.8014765,272.2199284,252.5861747
3.24_481.3136m/z,164.1134783,146.1894017,153.0386178,159.2611741,171.2940549,175.5619875
3.26_269.1304m/z,230.0865575,592.0373033,132.9052189,453.9695543,595.5627666,108.9124115
3.26_297.2420m/z,179.7828581,183.904694,173.7452216,189.7314104,207.3958183,180.7954782
3.26_329.1060m/z,262.2969556,212.7479265,5.881117049,274.0084874,107.2872123,15.00039891
3.27_299.1413m/z,99.96260565,103.9558371,82.19792255,115.1524081,121.4783757,82.90921059
3.29_327.1648m/z,306.4318818,263.1249793,291.7849621,288.144374,374.7460304,278.3785068
3.29_337.1073m/z,1133.033735,1010.683334,847.3259196,512.7173689,171.817514,962.9135181
3.31_355.1763m/z,949.7223132,1576.696687,680.3082941,1606.464979,2091.303224,629.7920178
3.31_369.1893m/z,311.0442638,345.5121831,285.3397638,370.4302472,481.3886888,315.6720317
3.31_385.1781m/z,602.7791569,1662.635609,218.040971,1700.963508,2302.17857,150.1148898
3.31_449.1494m/z,31541.76416,96856.78848,9017.071331,93889.03692,128282.6699,3461.592556
3.31_449.2178m/z,66.97583516,311.986908,0,374.4483064,412.4533322,0
3.31_449.3175m/z,186.2506112,1718.048898,85.11524115,1701.263779,2667.157463,83.20441594
3.31_534.1273m/z,783.2361816,2544.640111,215.0621768,2565.310663,3397.589874,84.66911783
3.31_549.0751m/z,111.9848263,423.6744518,15.53573246,530.8512364,697.5760682,2.003621399
3.31_657.4048m/z,234.8707242,235.5592158,229.1728591,243.6660991,271.9010581,231.2576969
3.32_161.0693m/z,5135.021066,5277.628972,3948.762688,3827.298162,5386.162638,3961.563366
3.32_237.0661m/z,117.2923441,119.4824675,92.72311783,93.73846529,124.7105601,96.01678777
3.32_301.1661m/z,334.6225659,358.250227,212.1022324,236.2040734,401.628748,230.6674918
3.32_307.0974m/z,367.7211737,389.6962295,98.15491011,65.93436099,16.53023419,101.0128938
3.32_315.2527m/z,241.3837227,266.3897871,189.5207969,230.5958328,446.1066846,185.093993
3.32_371.2785m/z,231.7354608,224.9678107,219.2814771,249.6720992,265.9297901,222.0916273
3.32_479.1600m/z,131.5118155,629.8991064,44.36352805,731.8710974,931.3384016,21.78201356
3.35_283.1066m/z,504.3148154,508.3602952,182.2533534,471.3515542,451.0288641,188.0372898
3.35_285.2088m/z,365.7942246,378.3200818,273.0931921,402.7486742,543.0864686,296.210527
3.35_486.1907m/z,267.5436187,260.3998228,266.3608335,148.8119487,173.4425597,269.9204269
3.37_199.1701m/z,5925.645375,5408.285564,4720.28538,5792.152528,8509.991437,4879.306209
3.37_250.1443m/z,564.0247337,567.6242577,572.9900868,592.520445,576.7932506,573.2488866
3.37_291.1591m/z,585.6471761,579.2725264,536.0061267,560.836926,622.4771668,531.6396524
3.37_295.2266m/z,902.0327635,1094.800314,700.8850932,919.6766114,1289.854041,781.9837269
3.37_305.1875m/z,100.743136,99.70805487,93.16120306,106.6278717,137.9741422,100.6346336
3.37_335.2176m/z,335.8949256,374.7275954,178.9211799,941.9594699,1483.204311,322.3376203
3.37_380.2039m/z,109.2737754,122.228386,69.97690214,130.6338524,158.6932672,89.13834452
3.37_445.2982m/z,131.5625859,148.212482,136.0599203,160.0304351,191.9378251,148.7230474
3.39_361.2350m/z,209.7342284,230.2145581,146.1393772,283.5399043,656.5403744,225.702394
3.39_441.1205m/z,120.3992303,262.3736772,49.78484355,254.6287627,342.2921289,33.62086439
3.39_449.2182m/z,94.56514134,304.8042592,0.007358294,357.1810007,381.6833488,0
3.40_215.0710m/z,155.5051555,145.3764582,122.4581901,83.42852058,41.92016734,108.0271319
3.42_390.2383m/z,286.4075674,940.7497635,211.5020097,1036.022333,808.7262347,3919.309381
3.42_447.1337m/z,5329.837743,4527.373937,783.8371104,5603.976032,6224.207784,980.8465834
3.42_519.2037m/z,78.26917045,107.0744366,215.6473857,85.35359402,105.8680599,222.0510458
3.42_587.2766m/z,105.3470916,138.9818457,48.64538678,536.9885502,466.229476,203.8236412
3.44_331.1214m/z,1443.539416,1925.245972,77.04280705,323.5289277,444.5995898,54.40069839
3.44_341.1909m/z,905.1858435,882.7374925,778.6413258,910.1552551,1070.48702,818.0857226
3.46_194.0817m/z,182.2807949,195.6009796,201.0718235,189.3478915,195.1152924,179.3792567
3.46_233.1541m/z,458.4784778,466.5074942,453.1689757,449.2928554,496.2911322,460.3440255
3.46_277.1440m/z,2252.154203,2259.512773,2197.691247,2171.800816,2327.106316,2104.305363
3.46_299.2010m/z,100.4452389,87.74429696,94.63004109,107.4490635,253.8768574,102.3686379
3.46_315.1340m/z,142.116557,152.0466587,86.20379122,151.6598505,179.3818374,95.54538071
3.46_317.1405m/z,160.8685111,169.171334,151.3834179,186.6176743,172.6774241,153.3207699
3.46_362.1211m/z,149.8313675,148.8063279,142.5376267,141.9037532,147.6750421,140.1516125
3.49_269.1248m/z,220.54158,234.9507936,213.1095343,211.4386052,291.859745,188.5964468
3.49_557.0973m/z,108.1254489,101.8680768,108.452088,118.2046077,112.4710192,113.7982749
3.52_225.1854m/z,1371.860655,1240.186134,1212.089159,1315.822274,1805.956491,1303.707494
3.54_214.1929n,2211.873748,2300.288086,1859.671634,2627.18244,2882.459729,1981.179963
3.54_305.1767m/z,158.9563852,162.9467503,152.8718971,182.053232,199.0009453,169.1556119
3.54_319.2259m/z,196.1556884,235.6980772,125.430621,335.0359919,544.3359886,169.958627
3.54_431.2766m/z,119.5736013,119.0491056,108.9665527,139.723821,144.1436184,116.0539908
3.55_295.1365m/z,231.7927969,128.1678558,144.0368538,173.8181566,255.6419579,117.6277139
3.59_285.1164m/z,879.8921654,854.1256186,806.2385822,939.0125648,916.2856328,835.9623048
3.60_243.1955m/z,275.4123891,264.333949,241.6240898,294.1796719,299.2158405,267.6425042
3.60_271.2259m/z,1983.29573,3115.798146,1065.818737,1966.752978,5075.492066,1115.961298
3.62_191.1102m/z,412.2788876,406.4531601,405.8078168,431.5006618,437.2748944,418.3645499
3.62_295.2274m/z,650.1777686,638.1024578,592.1725118,692.2400951,794.6956754,615.7707222
3.62_333.1695m/z,134.722972,146.4939794,105.6991881,143.4726602,146.0812772,137.6826364
3.66_251.2007m/z,193.2017657,204.0532496,173.2180469,183.223958,223.2800257,186.0915827
3.66_409.2402m/z,925.6136583,994.2786439,790.9717591,954.117392,1010.395374,796.3718175
3.68_239.2012m/z,1016.239613,932.9047492,898.8047459,1034.417478,1210.623267,970.7299724
3.68_283.1365m/z,358.7642725,149.3691229,155.4989821,232.7677424,383.0209904,133.9207195
3.68_372.2276m/z,37.03797442,44.13170682,395.3034,47.32721646,44.69710411,495.1266124
3.68_685.1214m/z,257.5398561,238.6167939,229.744212,300.7659486,300.194873,280.2871651
3.70_227.2013m/z,18269.58796,22320.22497,15289.0653,22903.55852,27291.43863,15813.42939
3.70_290.1390m/z,1002.562571,994.65865,1056.948282,930.3306637,924.8026674,1000.778895
3.70_375.1163m/z,119.034032,115.4748254,129.0149839,112.6907541,115.4888466,111.5573779
3.70_459.1440m/z,248.4246143,255.9492375,177.3784114,164.544649,51.20645139,227.7152708
3.72_277.1810m/z,152.6849927,51.01035013,97.6096429,151.6774683,269.3034495,98.23250693
3.72_297.2422m/z,2551.475215,3264.891583,2163.398883,3337.726153,4383.766383,2273.427224
3.72_571.1646m/z,5.625823954,7.347120009,2177.835963,7.480075247,7.545088662,4151.956191
3.74_429.1330m/z,578.2075111,572.1158357,208.3104366,136.5585875,8.59511045,247.4717878
3.74_435.2469m/z,421.107345,431.9862385,344.5294032,476.0835082,492.3072732,355.7872754
3.77_277.2154m/z,629.6109586,739.1077673,423.2230843,488.9212312,619.8541167,399.7368687
3.77_475.2641m/z,124.3174005,127.453336,86.33633985,182.4665155,181.9945034,95.95130546
3.79_367.2144m/z,280.382367,306.1894048,287.8048403,367.7596821,399.0908437,309.2859123
3.80_297.1524m/z,19447.35848,9751.873012,8969.878146,15530.77997,22453.95028,8602.114821
3.80_382.1296m/z,804.627752,420.7092777,384.2358888,636.8483557,923.5029093,358.3057514
3.85_265.1475m/z,37306.93449,43086.3896,29759.55632,41731.7843,35882.25407,34110.63167
3.85_265.1963m/z,208.3858938,292.214504,205.7073272,327.0721364,257.8820149,235.6659252
3.85_317.0878m/z,123.6606079,113.2351629,111.8336474,120.8530199,123.6577932,121.1347506
3.85_350.1247m/z,2960.402918,3172.122406,2528.046237,3257.661408,2978.383681,2675.454134
3.85_399.2113m/z,176.7719736,173.9359785,160.0786193,213.5567364,236.3973484,171.5935653
3.85_553.2846m/z,1381.009794,2538.350388,947.9667768,1928.768642,1297.38339,1356.459313
3.85_96.9604m/z,289.705888,314.353662,253.1069371,316.3902327,284.9268916,284.977293
3.87_253.2168m/z,13440.66355,13728.48841,12544.92668,13825.9865,15422.47213,12752.10662
3.87_401.1922m/z,105.835748,95.68262751,93.51072111,125.9153752,120.2765596,107.4788228
3.88_356.1954m/z,172.4804814,164.9568641,159.1578119,181.5161141,191.126864,167.7687575
3.90_241.2168m/z,13352.35959,17152.66999,10599.54547,18198.29985,18510.27204,11090.23956
3.92_433.2086m/z,115.8301554,121.399835,108.4189595,138.2112702,146.4341978,113.4255683
3.94_275.1672m/z,241.041785,221.6440997,225.5064155,263.8146672,328.0406781,223.9818095
3.94_348.2206m/z,1059.463127,1021.288298,1045.701557,1143.634654,1302.67411,1014.383813
3.94_353.1943m/z,2384.645608,2484.367989,1940.859533,2612.321799,2923.264703,2011.275947
3.94_429.2948m/z,147.5453728,148.0741938,148.2816448,159.1230652,166.1039378,149.8134198
3.94_619.2883m/z,1850.720627,2313.751992,404.9504114,627.3236163,150.4973848,30.52396242
3.95_239.0606m/z,118.8003614,106.1116612,98.35550849,123.600097,120.0336768,111.9711728
3.95_271.2271m/z,846.8693922,1002.003884,725.8245979,1034.994568,1157.35392,759.4566124
3.95_299.2570m/z,362.0075407,645.4752817,159.4166737,780.1851371,758.0568511,174.172833
3.95_323.1691m/z,692.570034,553.2695487,491.8982986,673.3541061,772.4835422,515.2398938
3.97_279.2323m/z,6214.269699,7591.297215,5027.259643,5625.933835,6932.624526,5009.786026
3.97_311.1681m/z,54011.01806,37006.37435,32322.61616,49251.5174,60104.29258,32206.75881
3.97_396.1457m/z,1995.756703,1366.265381,1217.549301,1855.740862,2255.730953,1187.970708
3.99_212.0746m/z,134.9093444,130.5238132,124.8649189,131.3563614,125.0853647,128.1850677
3.99_303.2332m/z,1099.721664,2106.286821,560.1326618,750.2056956,1395.170668,508.9732795
3.99_311.2195m/z,376.4402106,239.2209269,178.9384271,342.8686874,473.4080527,157.3068494
3.99_327.2366m/z,2768.255553,4013.527927,2051.825972,2334.317226,2732.599407,2112.490859
3.99_437.2650m/z,952.8070142,1354.273256,2486.923394,1437.905761,3576.690262,1637.672136
3.99_475.2608m/z,140.9938545,123.1016294,109.8004719,165.7028856,177.7534447,110.7188877
4.02_173.0997m/z,123.6267751,102.8709348,255.7681572,75.62076898,98.14960952,51.81804084
4.02_317.1607m/z,152.0456804,149.9446607,60.4252946,176.529744,186.3621911,61.80677283
4.02_433.3296m/z,185.9252768,214.8651848,207.2694255,180.3741569,210.8433138,191.1651511
4.02_459.2415m/z,236.6616704,259.564259,437.0569883,284.5905522,489.2136677,363.1890214
4.03_285.2484m/z,99.66777058,110.0175064,94.04109726,115.2003515,129.0230001,104.1933734
4.03_291.1972m/z,288.016566,119.999631,164.1134464,285.0676666,436.2688906,162.532191
4.03_309.1733m/z,5163.813181,4321.130812,3560.604945,4128.606983,6428.623326,3747.347085
4.03_394.1512m/z,552.5141451,401.1959329,348.0211665,438.0826795,647.392411,355.2469875
4.05_267.2321m/z,3184.294438,3355.452556,2910.743053,3464.430066,3681.317214,2987.194057
4.08_237.2217m/z,156.0625079,331.824738,65.36248463,349.5651033,329.2923082,91.82482857
4.08_250.8088m/z,124.2789568,267.4558464,54.80373276,280.0475561,264.2219,71.08286375
4.08_255.1729m/z,141.2574852,479.9759536,19.5427499,523.2618589,437.6585915,62.97603533
4.08_255.2361m/z,287721.2271,400394.7236,185698.9112,411794.8538,421143.5212,217301.3908
4.08_485.2228m/z,103.5897526,93.63626247,112.3380744,97.24342419,117.0420777,113.1731661
4.10_427.2836m/z,166.8987665,161.3630296,177.2337021,182.9208489,189.3403444,162.51086
4.12_305.2461m/z,386.6400303,707.8489541,119.6745327,213.3295066,415.9439422,106.8067634
4.14_315.1440m/z,152.2434341,155.124928,25.65249891,183.9863941,193.2451118,42.79554728
4.14_325.1836m/z,61928.62767,46663.01738,39550.7497,57211.84822,66618.01723,40814.41113
4.14_353.1997m/z,4061.603044,3656.355093,3116.524403,3556.779013,5333.689384,3288.896268
4.14_365.1869m/z,242.8436661,208.8420801,181.4018428,270.1470103,293.7748716,198.4189869
4.14_410.1615m/z,1643.161455,1218.711936,1155.011507,1480.892267,1730.712379,1038.823378
4.14_498.2664m/z,145.913157,188.8125669,88.86240884,257.1066594,183.2568857,69.97936654
4.14_673.3569m/z,187.6893291,117.502919,88.34370916,246.7980725,276.2128994,88.64442689
4.15_385.2438m/z,1160.614742,1609.01704,638.6627856,1386.884346,1962.187834,140.2325699
4.18_224.1640m/z,396.0615003,390.8046407,366.7873883,400.382428,416.1096564,361.2360987
4.18_232.1087m/z,302.5857895,543.9816652,230.7377563,1202.871548,524.1590908,1010.600423
4.18_290.1858m/z,112.547394,255.2832747,109.2644587,255.3142805,205.5622043,570.1098028
4.18_318.1801m/z,56.02618341,142.0437747,51.88363188,143.6397786,116.2185461,336.7510691
4.18_420.2495m/z,7341.611973,14771.26846,7590.230144,14512.86718,11948.78187,17836.20226
4.20_183.1388m/z,171.5902849,183.4976255,145.696078,165.7418607,197.6475112,156.3806881
4.20_195.1387m/z,490.252066,478.144789,406.2329338,476.6962107,559.1404488,368.665743
4.20_227.1284m/z,386.3206536,369.4067523,336.4755027,335.2388241,407.4746873,222.186475
4.20_293.1786m/z,27342.62142,34122.96079,19877.80501,33440.14789,31451.37565,28980.24169
4.20_293.2300m/z,219.409676,251.5450391,142.314607,279.4295184,258.2615165,229.6225389
4.20_362.2367m/z,121.4245986,159.0542725,42.52778856,172.5465501,170.821831,74.56406486
4.20_378.1557m/z,720.4403444,557.8455793,508.9825422,614.7820137,666.4651119,284.707225
4.20_397.2258m/z,2454.821021,2207.801588,2041.571473,2110.831851,3128.358637,2154.70993
4.20_483.2723m/z,253.9272853,363.4870819,145.1000921,242.5287963,298.5304706,85.74648037
4.20_583.3246m/z,204.1755227,291.4021857,71.81879098,124.0869876,91.62977464,15.32473327
4.20_96.9604m/z,192.5624766,204.5263468,185.6280387,213.3863207,203.3530348,187.9074062
4.22_281.2479m/z,34291.9182,43912.76842,27956.98507,34453.06552,40493.91847,29290.03752
4.22_353.3064m/z,206.3652674,407.814045,83.15666224,487.3875643,423.1689706,171.0950211
4.23_449.3241m/z,357.7968404,336.6897078,334.6200122,364.4534786,459.9351523,323.2003635
4.25_433.3293m/z,285.3095582,283.1395213,281.7258947,293.5926708,375.7977288,273.7662533
4.27_349.2051m/z,410.9238491,495.8178482,253.4101248,422.8802758,1060.098343,294.9654389
4.27_355.1674m/z,6793.733482,9813.55009,3561.22729,8866.765004,11273.88186,910.4258019
4.27_369.2664m/z,120.1854657,148.3573862,123.2491374,184.7134048,212.7752431,122.741785
4.27_407.1777m/z,133.0319481,215.5318575,86.98524298,182.9570836,208.3886963,116.315426
4.27_431.1891m/z,341.4369975,437.1155135,210.9374309,419.0299265,492.9872413,124.5793405
4.27_437.2634m/z,708.8703585,1386.798648,864.7395807,964.3915337,1235.918154,634.2660968
4.28_409.3089m/z,129.3831063,134.4241945,132.9051311,134.7108058,141.7079857,116.6372057
4.28_529.3054m/z,879.7514424,878.3815814,804.1386868,870.2212631,1116.704825,767.3607234
4.30_339.1991m/z,38881.78222,35250.76668,30668.98326,39803.90921,47235.24613,32288.69386
4.30_653.3002m/z,2212.951593,3013.931748,177.6138899,4268.006227,3003.077699,226.5882137
4.32_151.0764m/z,172.7543647,179.2662026,148.7042585,136.980241,174.024786,131.288979
4.32_269.2480m/z,22929.42945,49122.24022,11235.37602,56053.39419,47039.40373,15084.09888
4.32_299.2579m/z,832.0370835,1292.657737,599.1293847,1331.122571,1357.672329,660.0764731
4.32_307.2633m/z,772.9516267,1393.42623,588.6639157,548.2535102,920.0196942,594.9602539
4.32_313.2387m/z,2823.714262,4689.088128,999.2362542,5528.577205,4058.245097,3597.462012
4.32_315.2522m/z,290.0665961,489.3944862,171.0943958,545.7534289,458.916134,257.4201791
4.32_327.2892m/z,58.95687283,135.2646425,53.78452282,170.4197015,203.7899478,52.51772642
4.32_367.2296m/z,725.9669473,753.8857619,566.7069118,844.7104584,978.8784093,647.6766992
4.35_217.0712m/z,185.6345207,198.5535556,64.84618696,258.3143975,236.0903444,67.49090736
4.35_317.1602m/z,989.6360069,1062.224766,252.8791973,1450.015208,1331.24046,307.8806591
4.35_475.1569m/z,216.6724932,144.6567936,131.3508973,245.9912268,203.6396717,232.6059313
4.36_307.1938m/z,219.181074,177.8790881,181.9088272,283.5631209,262.8862512,187.1444443
4.36_369.3039m/z,248.8317974,278.6082398,218.4933987,319.5095365,355.568538,239.9460312
4.36_501.2849n,5109.788587,7097.84255,450.5665139,7691.86125,3410.352646,442.4177078
4.36_522.2632m/z,220.5333591,291.1426739,23.19350562,329.1822935,159.5958927,31.02606735
4.38_235.1340m/z,145.6778096,152.7305972,123.4568822,181.0033558,139.5934582,132.9551765
4.38_398.2317m/z,402.1494003,372.0844243,442.1302524,356.0972033,336.7790441,393.2138855
4.38_457.2531m/z,174.5144254,206.5509741,142.2265287,271.8560201,257.3066321,147.0407604
4.38_703.5100m/z,764.1125753,430.9834545,397.9102686,453.4947228,483.8697254,588.6793635
4.40_233.1541m/z,1772.786655,1721.778111,1930.879816,2081.397733,1950.747073,2074.321492
4.40_337.2023m/z,3768.208399,3825.887237,2794.627282,3571.159149,5395.109505,2876.413503
4.40_422.1828m/z,213.0228747,224.642673,134.6708843,186.2353476,287.1765738,137.4616201
4.40_475.3398m/z,549.0188129,687.9100029,328.3888662,936.2340985,841.0200766,350.8962616
4.40_599.3196m/z,3153.692216,10062.35381,546.4163922,10999.76208,7472.959086,676.6939484
4.40_621.3019m/z,128.9414868,358.9856343,29.41027366,443.9439995,315.5289329,41.24491044
4.42_408.2053m/z,57.15408065,192.7695009,15.48287544,184.3841503,132.5661752,148.8586985
4.43_247.1189m/z,235.212105,248.2836077,80.29223484,246.4117539,280.7052311,79.51312184
4.43_297.2436m/z,255.2568614,633.1631451,327.8655689,481.2964507,573.6408317,448.2652065
4.45_180.0783m/z,113.7676884,99.23122304,98.33436923,145.5940872,120.0136328,113.3249476
4.45_295.2585m/z,1387.069635,1500.006513,1222.511239,1585.227438,1721.084421,1431.331601
4.47_417.2172m/z,259.3597074,245.7180388,234.0622037,282.093538,385.6846333,271.5478351
4.48_283.2635m/z,31330.19745,32980.96235,35667.34157,36496.23483,52071.84541,38813.49306
4.48_329.2511m/z,1637.470984,1625.285704,1530.068768,1820.058407,1851.169454,1685.501822
4.48_381.2314m/z,1989.378679,2044.688425,1529.18664,1724.208336,3031.430741,1481.703755
4.48_650.3734m/z,45.7833118,61.49382009,15.25546053,315.5522207,213.7374956,62.43543617
4.51_329.2533m/z,10765.47174,10945.25515,9899.53314,12361.0597,12098.707,11317.65154
4.51_363.2344m/z,391.5398096,384.4906368,373.0310409,451.3823487,450.4344851,391.9668705
4.51_450.2698m/z,372.026824,409.403329,255.6639427,388.6740155,644.0085636,225.6498301
4.53_164.0840m/z,326.2694281,308.6266499,294.1107743,354.9503767,333.8942645,272.0416395
4.53_284.2737n,345156.8506,480499.7788,212015.6693,483291.3448,476898.077,283238.4254
4.53_322.2168n,2078.612974,2056.780062,1561.945475,1717.013946,2732.282353,1629.358598
4.53_323.1913m/z,495.5799049,473.2168671,422.6481591,461.7747988,530.6129645,419.8423337
4.53_407.2199m/z,145.7694106,169.6098846,85.39790449,177.8242744,130.8787091,90.15874815
4.55_415.3185m/z,734.4858187,713.4375258,780.3867428,703.9692016,814.1546038,747.8554482
4.56_232.1701m/z,135.9777514,140.8323363,100.404565,168.8706724,171.1628978,112.0350519
4.56_351.2218m/z,161.9767537,163.1433604,143.8049038,253.846273,221.0300921,152.1883609
4.58_471.3283m/z,322.0589563,320.5751241,295.0423884,370.0429964,439.7327493,282.4811234
4.58_726.3977m/z,31.04200161,28.71222981,2.316303773,603.6811052,173.7859322,20.93981843
4.62_689.4954m/z,700.8649172,442.1809549,558.9688022,409.2194893,343.8728305,558.6453282
4.63_341.1082m/z,125.1544142,123.8692756,128.6600987,127.7563353,130.2899694,128.3679062
4.63_485.3416m/z,491.4496189,504.9912026,495.8900414,517.6676718,639.1935226,501.5359547
4.63_601.3604m/z,302.1853565,310.1708766,168.2844741,383.1887924,519.035706,194.156041
4.65_309.2788m/z,1898.967723,2821.857415,1390.811139,2112.184157,2787.88019,1503.188934
4.65_381.1120m/z,122.018561,124.6026921,98.89253998,119.6341743,116.7972068,121.8590216
4.65_566.3170m/z,147.5621888,217.5343942,31.09658127,124.8068565,121.628595,30.16345394
4.65_945.4908m/z,378.7895646,527.0544778,122.0264126,611.607249,335.2995598,98.16318239
4.68_593.1599m/z,1058.515911,1124.156966,930.2845239,1080.238154,1058.500946,1057.80326
4.70_161.8839n,482.231206,475.5831706,479.8531854,515.9097001,529.2370214,512.2300745
4.70_457.2381m/z,1212.323395,1623.47921,666.6853161,1646.462023,1337.661622,617.9538351
4.70_489.2805m/z,275.4215181,336.4907217,141.5358175,396.1741573,342.8375803,178.3624181
4.70_500.2763m/z,195.4616987,270.212248,71.97510592,227.0828955,238.4113538,88.61073088
4.71_291.1597m/z,103.0835115,117.7856497,118.2655494,108.095341,107.152426,124.7155334
4.71_323.1829m/z,212.8918004,224.0716496,271.7054678,194.803241,221.5295991,276.7953839
4.71_365.2339m/z,279.1848512,391.6526411,192.7638971,367.8988328,534.2974998,231.1017122
4.71_433.2385m/z,907.8507061,936.7246898,450.3204032,1290.009662,869.7518954,476.8677566
4.71_436.2817m/z,5601.83411,12637.93198,1436.148996,6759.107942,9419.879018,1350.777428
4.71_499.3613m/z,873.9774112,938.1247667,829.8072436,927.1386514,1187.016138,841.9883001
4.75_345.2464m/z,2866.464881,2809.076565,2756.381654,3126.945238,3160.64496,3055.71178
4.76_234.1509m/z,559.7022593,558.7459062,530.2005251,614.2543533,588.6224427,550.1764959
4.80_205.1188m/z,228.6544982,219.7453301,212.2055707,239.8589166,252.1875554,255.4263721
4.80_221.1539m/z,3785.974315,3829.345716,3682.553789,4191.677122,4359.122449,4213.891268
4.80_462.2959m/z,1808.252888,2841.920841,493.0804421,1311.881816,1425.127588,372.6844925
4.80_958.5113m/z,663.7004261,1877.191166,2138.82122,3297.629681,1901.621055,966.5846604
4.82_349.2383m/z,2937.845623,3005.422843,2997.040626,3230.243494,3607.519079,3026.786174
4.84_297.2787m/z,6868.113263,17097.00769,2886.901804,21377.56402,17088.37998,4910.843914
4.84_307.1893m/z,153.0947453,151.3017318,154.4906784,177.6398511,178.4055045,160.8075314
4.84_501.3156m/z,132.1166025,129.9839752,77.57208367,145.9173015,220.200781,91.78473462
4.86_235.1692m/z,461.2219157,448.9588278,407.6822671,467.7756769,435.1627066,457.3806673
4.86_250.1464m/z,1837.228101,1895.469955,2606.007932,2027.424154,2020.475579,2723.126522
4.86_281.1060m/z,268.3702463,271.1606445,232.8125351,319.7541611,303.621115,288.268327
4.88_297.1820m/z,1006.579883,1077.535687,1035.601701,922.3427971,679.5688968,851.7831972
4.90_230.1543m/z,121.0421504,130.206335,123.3994289,147.2599887,137.790431,137.8957855
4.91_219.1738m/z,101.4617778,97.24460794,102.3753092,105.8581911,105.6185114,104.2370119
4.91_359.1525m/z,660.398084,811.2131464,129.7318021,1826.502471,1246.555802,153.0438849
4.91_369.3025m/z,1797.075764,2764.538539,1314.515487,3482.834696,3099.802011,1530.06243
4.91_377.1631m/z,310.3939804,412.3358767,83.13083777,827.2192968,491.3968639,82.58862222
4.91_897.4939m/z,4249.392887,6795.920767,1375.152509,3994.638313,2884.90518,1480.657126
4.93_339.3261m/z,5036.621741,8841.924989,71466.46957,3805.553645,107141.361,79839.32042
4.93_355.3188m/z,221.0275492,498.8283154,93.88700413,716.0592037,595.1882785,139.5039214
4.93_602.3489m/z,329.266867,303.2797373,63.67467477,574.3900399,489.0304839,136.8872776
4.95_157.1231m/z,243.1187844,233.8150618,240.8360579,254.4888066,260.2201163,258.3345287
4.95_327.1930m/z,981.6555459,1088.970092,863.644742,2095.829564,1511.886071,920.6420992
4.95_367.3559m/z,3681.141057,2549.566168,2879.214162,3320.668045,3125.235634,2287.267967
4.95_553.1746m/z,188.7214673,194.7627914,209.9979071,178.7077666,179.7582406,251.1015316
4.98_353.3066m/z,371.6961422,1466.196383,369.4418088,576.4531334,989.6786169,388.126594
4.98_410.2464n,13658.55876,21903.83573,8610.922191,19768.68511,17138.79213,9852.45768
4.98_431.2079m/z,2376.603988,2922.885418,1764.455714,2917.477489,2483.578941,1945.868192
4.98_435.2502m/z,6915.663077,11886.16628,2862.070533,10533.20168,8159.644402,3379.337537
4.98_453.2083m/z,122.0849965,205.8714512,35.33612856,172.6549055,145.3468054,47.16138289
4.98_457.2387m/z,2879.620271,2833.952868,2777.74705,3228.224585,3302.464151,2851.6937
4.98_483.2673m/z,836.368648,1105.20257,729.4288601,1098.280151,1143.850797,817.5767534
4.98_78.9602m/z,103.6490391,116.9360864,86.87320491,117.7328916,102.8220302,92.37418332
5.01_365.3382m/z,376.6730292,491.2027519,1923.810073,717.9840019,991.174183,825.8488917
5.03_213.1846m/z,167.0800384,174.1569086,169.835272,194.9699284,195.5765052,176.4898261
5.03_303.2343m/z,6811.532517,6745.755494,6649.173336,7672.827782,7378.018893,7246.241199
5.03_465.3036m/z,18540.21338,23651.35117,5610.480725,10873.44341,18417.81094,3854.855632
5.03_475.3405m/z,2274.051941,2841.337213,1613.430216,2516.115826,2395.59982,1590.32242
5.03_765.9111m/z,2.008961995,5.128861788,12.03955591,15.21650713,672.4283721,732.1392533
5.04_337.3094m/z,222.211482,502.107885,558.5019913,477.5514145,947.3418871,687.3537582
5.04_576.2141m/z,2050.674402,2054.966461,1861.964305,2122.259139,1871.277411,1896.327524
5.06_121.0293m/z,106.8100256,103.0134691,113.858613,122.8336915,119.6578102,125.4003226
5.06_122.0004m/z,123.9172271,118.8488374,127.1285435,127.9146219,121.2068299,124.5206906
5.06_151.0400m/z,149.161043,148.7090081,146.5731867,159.9110615,158.0868188,164.3925311
5.06_317.1592m/z,131.0726472,144.5878232,118.9229448,170.6830409,165.4912032,130.7997134
5.06_357.1916m/z,156.7003128,217.4582723,26.85242478,283.8364711,252.2167526,34.61960894
5.06_565.2903m/z,1956.179283,3539.539686,626.0412495,2434.695041,2425.502992,666.8706595
5.08_239.0658m/z,532.1707531,539.5245353,575.0780921,597.4401129,612.9384549,594.0423762
5.08_263.1627m/z,104.8721526,115.8342664,108.5432139,168.5716963,133.8412208,122.2708255
5.08_275.1659m/z,396.7050679,398.6312672,404.286278,461.1793248,462.0132349,431.2643744
5.10_207.0674m/z,199.5843278,187.9811462,218.8017567,207.154669,256.7951075,222.7635421
5.10_288.2816n,389.3134339,761.9467521,277.1900869,1075.473131,1063.052165,558.824214
5.10_398.3323m/z,414.8812209,519.2487078,267.3347895,703.0328192,674.0000186,363.7192563
5.10_494.2659m/z,735.000077,917.4547636,191.9768965,966.0967942,597.9169603,226.7368501
5.10_506.3292m/z,3226.292339,4143.415872,1954.518702,3949.541388,3275.305739,1999.165654
5.10_519.2467m/z,718.8409962,845.2975723,1203.513702,830.157801,2042.456568,1437.959998
5.10_567.3328m/z,628.838181,729.8701625,386.8944839,723.2553172,641.0158807,426.3134686
5.10_839.4923m/z,5089.139113,8101.806992,3145.389369,2312.285736,1382.834457,800.7467024
5.11_179.0397m/z,1225.875182,1243.59131,1271.52964,1335.316652,1349.21517,1302.826963
5.11_189.1282m/z,574.5927758,600.5856414,520.7537888,640.0563978,584.7234121,500.5247277
5.11_196.0225m/z,595.6619068,618.2774124,573.0035443,649.0022329,661.4921959,590.1666075
5.11_205.1600m/z,52000.46493,53837.51539,48140.03809,56186.70788,51632.55085,46310.26362
5.11_283.2637m/z,12690.18925,17514.00105,83655.12647,17897.98274,121479.2284,93292.91381
5.11_311.2954m/z,4057.944115,9311.623848,6814.535204,14837.61025,16328.74963,7682.385798
5.11_331.2666m/z,515555.0498,493607.608,510358.4932,546903.822,528557.7485,527754.4936
5.11_359.2897m/z,7919.948488,7645.606147,7908.297979,8652.015755,8155.205074,8413.5667
5.11_396.1457m/z,252.474553,209.3617133,299.7556717,286.0238733,281.0699492,351.8265611
5.11_431.3072m/z,153.912529,206.4930296,303.8938686,242.9673516,402.5995832,327.7408811
5.11_445.3527m/z,21197.3933,20765.11961,21584.5842,22935.49161,22929.83795,22228.87928
5.11_502.2800m/z,652.9109887,895.1969282,627.287404,660.8597178,1085.76735,785.1881882
5.11_513.2214m/z,5184.17586,5508.514212,4725.951339,6073.603482,6080.993796,4938.889943
5.11_538.2653m/z,513.5110915,752.50929,398.3376014,565.5071059,704.9142815,443.6744187
5.11_995.0085m/z,19.98474125,0.383178721,1.416269938,58.85630006,272.868961,293.8107346
5.13_327.2349m/z,6961.677037,6933.945043,6446.708397,8063.880535,7953.258904,7241.314953
5.13_357.2818m/z,9491.04445,9244.095362,9605.575203,10345.88202,10000.29017,10194.8972
5.13_383.3507m/z,643.5256667,795.8911805,413.9190162,877.9090318,1018.300892,457.0902007
5.13_399.2461m/z,1526.249962,1564.580243,1575.439188,1886.262197,1987.358453,1770.732762
5.13_409.3106m/z,179.0676297,203.10066,165.0590203,204.872998,193.5333374,140.3042003
5.13_470.2848m/z,640.39769,630.5139044,635.2128581,781.0258706,782.6593292,730.7210563
5.13_950.4863m/z,4797.876032,6149.541501,3213.607221,4627.235988,3313.859793,1766.774617
5.13_965.4906m/z,1614.510443,2002.256859,1723.027517,2809.78943,2057.666436,1419.566549
5.15_193.0506m/z,141.6634936,133.2162426,161.4291485,154.6315391,164.9384998,169.1140152
5.15_211.0056m/z,226.3344577,231.1963442,244.7091552,239.2626634,249.0822209,247.0173518
5.15_221.0845m/z,1565.560738,1564.163416,1680.631194,1709.581774,1853.269938,1702.385522
5.15_371.2609m/z,422.9334035,391.7036171,448.0773362,496.1274224,520.48276,545.3831333
5.15_388.2236m/z,251.8818122,374.7317479,254.865758,337.968637,348.5221811,886.1237887
5.15_391.2346m/z,3186.564303,3092.382849,3005.950412,3549.000936,3462.797787,3356.724796
5.15_395.2516m/z,685.2759192,1053.297603,563.268961,1235.578143,1056.724842,636.74678
5.15_415.2476m/z,2810.418534,2864.486797,3068.673728,3129.17128,3244.728529,3270.124358
5.15_433.3143m/z,1768.040542,1924.335479,1624.780825,2064.487056,2010.772763,1713.621472
5.15_454.2655m/z,787.0978067,992.6409356,664.2937269,1201.52486,1002.415995,773.4867858
5.15_477.3229m/z,3868.120566,4630.161161,3130.107574,4583.187766,4518.52305,3160.035003
5.15_523.3317m/z,2085.160906,2086.48269,2035.418961,2391.12004,2381.75481,2165.596089
5.15_526.3338m/z,557.7130946,766.6402337,444.8671997,961.1405904,825.0497242,501.9757442
5.15_595.3701m/z,2636.799015,2771.82363,2497.079012,3714.034697,3328.390062,2697.113947
5.18_162.8913m/z,933.8898486,906.6035925,927.9644237,1044.079355,1004.023762,1037.955608
5.18_285.1210m/z,263.3998504,285.3902727,191.0490888,367.3254185,363.3996772,193.3756832
5.18_301.1654m/z,2563.187987,2662.20915,1152.863652,3608.073239,3584.68453,525.0214744
5.18_381.2307m/z,3322.543479,3311.317123,3494.229935,3627.683425,3560.625794,3533.079596
5.18_439.2595m/z,395.3363439,452.9869796,487.0927668,431.7422674,515.2656594,442.756134
5.18_673.4838m/z,33011.76035,19741.17715,30423.16139,19959.91025,16704.90385,28465.41874
5.18_701.5304m/z,33770.21076,22164.71121,32607.46288,22798.63671,21071.35645,29922.42002
5.19_235.1002m/z,3004.142955,3043.756947,3134.836687,3211.535735,3486.452975,3125.927354
5.19_298.1551m/z,1851.382832,1845.456812,1917.125408,1992.326871,1934.060732,1923.300019
5.19_309.1727m/z,6727.368199,6744.51261,6891.551417,7142.418369,7032.583033,6939.634672
5.19_339.1990m/z,46502.52212,46408.28576,47227.645,49661.85284,47959.30001,47768.88178
5.19_905.5317m/z,6473.008107,7074.657053,3370.776187,4483.34631,3381.802617,2575.944244
5.19_931.5393m/z,10363.97583,11961.52785,8155.555096,21229.78252,14999.76085,9670.686031
5.21_163.0763m/z,527.6327224,619.3645037,197.093878,1359.487512,1072.963518,281.132629
5.21_303.0896m/z,2796.810653,2926.745816,2939.914799,3078.393651,3097.012089,2967.799509
5.21_321.2089m/z,1646.874195,1650.687273,1714.912728,1740.346288,1743.597274,1721.380987
5.21_325.1835m/z,52359.96612,52154.38259,53247.63698,55547.46863,54190.47032,53952.63384
5.21_359.1519m/z,338.2201653,425.7799531,358.7148119,508.0100068,819.6780436,436.5261439
5.21_397.2259m/z,1633.678355,1631.383678,1718.869081,1781.181722,1722.284092,1778.056308
5.21_441.2489m/z,3472.514208,3557.902816,3650.18439,3879.275247,3927.315823,3727.642366
5.21_547.3983m/z,997.1827056,1100.145151,966.1446544,1330.855106,1375.137051,1089.066814
5.21_553.3166m/z,1439.880754,1636.608917,1095.680544,1627.764666,1494.696891,1076.700741
5.21_607.4376m/z,498.9635601,590.1377622,527.8194561,1049.079563,947.3605943,610.261358
5.21_869.5429m/z,192310.26,255133.5958,166131.4873,94726.6526,115494.3919,96295.91432
5.23_227.0003m/z,373.2980834,385.8602538,382.093002,449.2673879,430.0857707,396.9413414
5.23_265.1473m/z,98295.48539,99001.87752,99821.39667,103826.2131,101541.8182,100132.9901
5.23_461.3602m/z,244.3548758,250.1573259,252.3336573,302.1971215,326.8415344,256.692318
5.23_517.2587m/z,501.9679168,577.3607722,644.3493838,643.9962478,703.1938258,703.2476548
5.26_263.1308m/z,428.3419546,441.6054492,457.7912421,471.8228792,485.2021438,464.4736653
5.26_296.1773m/z,200.7089793,200.3198375,181.3472884,208.0795183,167.7194831,171.9905548
5.26_296.2549m/z,109.0440137,166.1443601,371.1683627,213.5025637,706.9054623,488.1767853
5.26_318.1003m/z,299.092128,306.4926137,325.6307296,342.4147722,334.4910495,330.9781148
5.26_373.0538m/z,97.10581794,86.4303184,132.9846317,117.0293741,141.4787381,151.9348757
5.26_599.4357m/z,519.7819117,656.9879719,496.2269105,575.664813,604.4391873,523.2692238
5.28_883.5318m/z,72230.47623,93908.91146,35201.32407,92898.12989,79695.067,23703.18056
5.31_291.1616m/z,142.8859758,140.153958,157.4540074,163.0205855,153.6853535,158.4171754
5.34_124.9914m/z,271.9074316,264.4382384,296.2375795,322.6698721,330.4408134,342.6208375
5.34_226.0447n,150.7720788,148.1011906,170.3851505,164.0341804,182.298856,179.1433759
5.34_361.0638m/z,319.9761207,304.4955537,372.929137,338.2124846,386.1114323,362.3758109
5.34_367.2398m/z,2084.160937,2052.533056,2446.056272,2176.410138,2412.753754,2525.560635
5.34_751.5301m/z,51985.67415,55771.27838,45185.83561,74538.71939,59093.41826,50769.08181
5.34_804.5300m/z,59785.29333,71513.50043,53681.80704,73248.0688,85280.3449,58927.32991
5.36_231.0335m/z,246.4735712,237.4620778,255.4895609,267.5169584,272.2878821,258.4447465
5.36_529.4191m/z,468.9076378,492.2749047,445.6943626,526.5274518,581.5996725,503.8124699
5.36_567.4684m/z,200.5028081,217.988265,182.8096279,369.6121228,392.9039486,268.9537715
5.36_599.3246m/z,258.4360213,389.7557896,168.7698184,234.7295637,244.387984,133.4218565
5.36_886.1071m/z,199.0650657,494.4952874,10.01738444,183.1848062,71.7876326,0
5.38_241.0398m/z,144.2247874,162.3718926,151.7986491,158.2837479,171.9406459,142.6011723
5.38_498.2918m/z,174.7891031,209.1486369,180.8809681,279.9969279,251.7061803,192.9717477
5.38_581.3110m/z,1107.782105,1624.451048,1245.548555,1356.397255,1457.790403,839.2313476
5.38_786.5118m/z,87454.86698,123841.2399,34938.3955,65092.23094,53048.60059,35042.68823
5.38_985.4759m/z,1586.001785,2424.614529,1790.164262,4649.539775,3753.667708,1643.928463
5.39_802.5315m/z,14212.66618,16618.04755,8914.23316,15036.59369,12794.03102,9861.383481
5.41_531.4255m/z,424.298225,416.6436573,427.0399193,492.0890337,541.4898766,458.7666642
5.41_747.5133m/z,127560.3775,175063.2878,121439.3267,200899.8811,180360.1558,134599.6774
5.41_747.6059m/z,117.8364766,360.735849,0,215.3387148,213.4964232,0
5.44_167.9987m/z,643.9505128,646.6641367,676.1800554,713.9689155,719.3310803,697.1527814
5.44_703.2949m/z,86.69170204,69.06301463,16.36611934,134.1057214,439.9354236,177.1275106
5.46_503.2153m/z,14.47898156,22.73901376,23.30701947,882.2800947,125.8139908,83.50253953
5.48_409.3074m/z,1078.622961,1078.986946,1422.45693,1023.917858,1395.423209,1379.04789
5.48_508.3378m/z,798.1165323,2204.619231,333.6807329,1261.261766,1247.90445,404.9830443
5.48_585.3506m/z,5594.629703,11470.33157,2991.621328,8310.976491,6243.020845,3163.005167
5.52_283.1013m/z,146.1119913,136.9578413,143.926192,186.0006159,181.3057241,159.3215278
5.52_655.4134m/z,118.0515441,104.2771365,102.3062515,187.9407817,170.8650452,118.4362343
5.52_973.6593m/z,1486.492979,1282.542039,1332.645724,1544.218926,1230.952732,1064.807254
5.58_492.1081m/z,274.3614059,265.1335422,240.3899032,372.8800724,327.8465329,319.3848116
5.63_773.0201m/z,347.7497283,317.4785005,417.588092,353.3257895,383.019827,398.4880897
5.64_192.0327m/z,304.4384499,310.9492132,310.6283255,322.0579787,334.1710907,306.8501758
5.64_450.1652m/z,668.9546943,620.7301494,624.1208031,832.4914375,776.3984884,737.6016219
5.69_585.3514m/z,2592.366347,12160.95452,676.658509,4289.815712,6382.433858,951.0691149
5.76_149.9945m/z,27283.76925,26929.43512,28331.29827,27385.84487,27464.7643,28093.58199
5.79_211.0045m/z,220.7217027,225.5203767,227.1898434,238.0754216,227.6214213,223.3175418
5.84_303.1724m/z,114.3019819,119.0044387,108.0147846,115.7032198,116.5339785,118.0801831
5.84_366.0984m/z,381.1224777,353.9991911,375.7195608,512.813719,444.3061442,417.0927089
5.84_426.1387m/z,292.8090942,293.7777729,305.5483351,388.2592482,390.3739091,355.9421086
5.84_433.1913m/z,157.8104706,147.104319,138.9384955,187.3712825,146.4542412,149.8781567
5.84_96.9601m/z,1204.689795,1229.875924,1225.151373,1301.942824,1283.568044,1236.182537
5.86_280.1356n,1691.546081,1721.213906,1807.020356,1811.43195,1853.235748,1806.48544
5.86_281.1388m/z,373.1155156,389.5415202,379.3342269,423.3954249,397.0470751,374.3788565
5.86_350.1243m/z,4570.243906,4668.703275,4517.508592,4466.149557,4502.947283,4927.373984
5.86_378.1554m/z,972.9196583,1044.012844,931.8365667,943.9592829,966.4904781,1002.615481
5.86_382.1291m/z,285.0090376,281.8886356,267.6493901,280.3201915,268.0449376,310.8179148
5.86_394.1419m/z,335.807256,353.0282851,308.2743306,353.3837682,338.716165,325.1948849
5.86_396.1450m/z,1450.713044,1546.110413,1336.692402,1495.726587,1439.438789,1418.509191
5.86_410.1606m/z,1930.820945,1967.215294,1852.108693,1913.153859,1927.691743,2015.914469
5.87_435.1141m/z,72.73027641,109.5447072,64.1195691,172.6555103,120.0000918,78.85887635
5.87_627.3453m/z,98.90078426,122.0520836,84.45205702,160.2133888,132.2946419,101.2698362
5.89_371.0972m/z,221.0610738,255.889766,220.0023042,288.8121858,260.5343533,221.5919814
5.89_987.4542m/z,105.9117451,86.90508587,0,427.1105144,588.3095423,0
5.92_153.0213m/z,408.7305486,406.5534543,432.9529318,418.3221265,414.8321432,432.8020692
5.94_110.9758m/z,125.985857,142.1433141,125.9184869,154.5511517,143.6280732,125.7958226
5.94_124.9915m/z,258.088269,321.4390523,279.111831,354.513059,334.310538,287.2566957
5.94_156.9634m/z,455.8429174,503.3772626,451.2558714,555.7847449,510.7785927,472.4353536
5.94_171.0110m/z,447.862497,466.7229666,453.4895521,529.8253719,484.4461469,458.2756909
5.94_187.0074m/z,628.9701692,633.1974593,657.291129,692.2261623,698.4562465,671.2731044
5.94_199.0069m/z,160.9678405,185.1083266,173.3886393,207.7084967,190.1620859,176.1303333
5.94_207.0117m/z,296.3070746,300.8257356,314.3787908,345.6347618,330.8122992,332.9900231
5.94_290.1383m/z,133.0292059,157.9072768,141.4838955,120.3068324,120.8240241,117.8293541
5.94_323.1069m/z,212.4014157,273.6746801,189.7948022,301.0072392,252.4915242,189.18682
5.94_369.1258m/z,108.4032258,150.0733701,94.91265636,182.9280752,137.7788108,97.3566638
5.94_383.1391m/z,246.5277188,301.1946679,241.589033,381.4236213,292.0475357,273.8353975
5.94_385.1278m/z,144.7793533,177.2698234,132.7056636,213.7762281,174.1574347,144.6854762
5.94_579.3367m/z,130.8430384,151.6698614,116.7251471,223.9435489,203.8623876,151.6619454
5.94_589.2993m/z,617.6444076,713.7141111,597.4259531,784.5289871,700.0538033,640.4244643
5.94_631.3463m/z,3353.934402,3878.738354,3303.884406,4588.872245,4356.75281,3640.522596
5.94_651.3757m/z,137.8149778,174.2261383,121.4253451,212.8121517,193.7792795,145.7132025
5.94_82.9538m/z,583.3466132,595.3134521,598.4371131,598.9918412,608.8023239,583.0932116
5.96_118.9244m/z,5864.347829,5770.449003,5795.006049,6171.449556,6103.222619,6044.137912
5.96_122.9758m/z,119.1360294,130.0215317,127.0062471,137.9572903,136.723905,123.0499235
5.96_185.0124m/z,167.3401317,177.1981271,172.1935722,193.9121098,188.9027668,172.1609888
5.96_359.1516m/z,185.4762886,186.8935743,594.2954445,223.9677795,867.9117596,724.5811516
5.96_361.0637m/z,217.8078269,261.7340065,218.1697906,265.2781569,241.4074334,234.9959057
5.96_367.2419m/z,562.8817935,671.634582,511.7189799,718.6391128,610.1778509,546.8569972
5.96_443.2476m/z,123.6012411,212.0469038,2209.474822,112.8567189,2741.049846,2539.163616
5.96_479.2252m/z,15.02607048,77.21669333,839.7655826,24.80646997,1085.751527,956.7070717
5.96_703.3832m/z,339.1533838,338.7752687,252.1344091,620.7220306,564.8642853,443.4132617
5.98_138.0195m/z,126.537827,114.9921231,129.0475889,113.5993546,104.6164722,118.4477695
5.98_249.1518m/z,1305.066239,1305.858396,1352.820197,1423.043746,1378.080885,1379.971431
5.98_98.9493m/z,1084.493369,1112.585669,1096.653894,1145.372001,1150.821344,1061.143938
